zip,city,state,avg_lat,avg_long,rest_pr_1,rest_rv_1,rest_pr_2,rest_rv_2,rest_pr_3,rest_rv_3,rest_pr_4,rest_rv_4,shop_pr_1,shop_rv_1,shop_pr_2,shop_rv_2,shop_pr_3,shop_rv_3,shop_pr_4,shop_rv_4,loca_pr_1,loca_rv_1,loca_pr_2,loca_rv_2,loca_pr_3,loca_rv_3,loca_pr_4,loca_rv_4,num_of_returns,agi,taxable_pen_ann_amount,real_estate_tax_amount,pers_prop_tax_amount,net_invsmnt_inc_tax_amount,total_all_a_cols,total_chosen_a_cols,affluence,tot_pr_1,tot_rv_1,tot_pr_2,tot_rv_2,tot_pr_3,tot_rv_3,tot_pr_4,tot_rv_4,zero_check
65733,Protem,MO,36.5011617155165,-92.80462358891964,0,0,0,0,0,0,0,0,0,0,0,0,0,0,0,0,0,0,0,0,0,0,0,0,190,7118,1447,0,0,0,21942,8565,45.07894736842106,0,0,0,0,0,0,0,0,0
65768,Vanzant,MO,36.96,-92.3,0,0,0,0,0,0,0,0,0,0,0,0,0,0,0,0,0,0,0,0,0,0,0,0,140,5034,758,0,0,0,13698,5792,41.37142857142858,0,0,0,0,0,0,0,0,0
65772,Washburn,MO,36.587369,-93.964885,1,2,0,0,0,0,0,0,0,0,0,0,0,0,0,0,0,0,0,0,0,0,0,0,810,32000,2295,105,37,0,107994,34437,42.51481481481481,1,2,0,0,0,0,0,0,3
59001,Absarokee,MT,45.50781378499954,-109.44392490205068,1,8,1,8,0,0,0,0,0,0,0,0,0,0,0,0,0,0,0,0,0,0,0,0,700,46710,3881,434,69,0,184754,51094,72.99142857142857,1,8,1,8,0,0,0,0,18
59074,Ryegate,MT,46.39,-109.38,0,0,0,0,0,0,0,0,0,0,0,0,0,0,0,0,0,0,0,0,0,0,0,0,240,8194,1060,0,0,0,25931,9254,38.55833333333333,0,0,0,0,0,0,0,0,0
59215,Circle,MT,47.417413313518715,-105.588637649876,0,0,1,4,0,0,0,0,0,0,0,0,0,0,0,0,0,0,0,0,0,0,0,0,540,27713,1479,136,26,0,101680,29354,54.35925925925926,0,0,1,4,0,0,0,0,5
59241,Hinsdale,MT,48.39396,-107.08465,0,0,0,0,0,0,0,0,0,0,0,0,0,0,0,0,0,0,0,0,0,0,0,0,170,7196,557,0,0,0,22951,7753,45.60588235294118,0,0,0,0,0,0,0,0,0
59414,Black Eagle,MT,47.52583566666666,-111.27883500000002,0,0,3,87,0,0,0,0,0,0,0,0,0,0,0,0,0,0,0,0,0,0,0,0,530,19245,1937,158,21,0,66690,21361,40.303773584905656,0,0,3,87,0,0,0,0,90
59731,Garrison,MT,46.59,-112.83,0,0,0,0,0,0,0,0,0,0,0,0,0,0,0,0,0,0,0,0,0,0,0,0,100,4078,683,0,0,0,12880,4761,47.61,0,0,0,0,0,0,0,0,0
59750,Butte,MT,45.9,-112.73,0,0,0,0,0,0,0,0,0,0,0,0,0,0,0,0,0,0,0,0,0,0,0,0,130,9744,1027,117,23,0,37121,10911,83.93076923076923,0,0,0,0,0,0,0,0,0
59820,Alberton,MT,47.0033271984172,-114.491324718811,0,0,1,27,0,0,0,0,1,10,0,0,0,0,0,0,0,0,0,0,0,0,0,0,620,30719,3764,449,52,0,118204,34984,56.4258064516129,1,10,1,27,0,0,0,0,39
59866,Saint Regis,MT,47.29760638000001,-115.09665336,4,83,1,39,0,0,0,0,1,50,0,0,1,1,0,0,0,0,0,0,0,0,0,0,420,18596,2851,211,22,0,67206,21680,51.61904761904761,5,133,1,39,1,1,0,0,180
68010,Boys Town,NE,41.262555,-96.1265934,0,0,0,0,0,0,0,0,0,0,0,0,0,0,0,0,0,0,0,0,0,0,0,0,190,16393,258,263,26,0,66975,16940,89.15789473684212,0,0,0,0,0,0,0,0,0
68047,Pender,NE,42.11153385,-96.7059802,0,0,1,1,0,0,0,0,1,1,0,0,0,0,0,0,0,0,0,0,0,0,0,0,800,57136,1616,367,106,54,237689,59279,74.09875,1,1,1,1,0,0,0,0,4
68144,Omaha,NE,41.235191826493825,-96.11977121141878,41,1077,24,1892,1,173,0,0,9,101,47,288,8,74,3,10,1,5,6,46,0,0,0,0,12620,852170,63120,16579,2256,942,3597207,935067,74.09405705229794,51,1183,77,2226,9,247,3,10,3806
68341,De Witt,NE,40.39,-96.92,0,0,0,0,0,0,0,0,0,0,0,0,0,0,0,0,0,0,0,0,0,0,0,0,480,26733,1246,165,28,0,95881,28172,58.69166666666667,0,0,0,0,0,0,0,0,0
68431,Rulo,NE,40.05,-95.43,0,0,0,0,0,0,0,0,0,0,0,0,0,0,0,0,0,0,0,0,0,0,0,0,150,7057,163,0,0,0,20854,7220,48.13333333333333,0,0,0,0,0,0,0,0,0
68455,Union,NE,40.81,-95.92,0,0,0,0,0,0,0,0,0,0,0,0,0,0,0,0,0,0,0,0,0,0,0,0,310,22638,2228,441,56,0,89318,25363,81.81612903225806,0,0,0,0,0,0,0,0,0
68643,Leigh,NE,41.7,-97.23,0,0,0,0,0,0,0,0,0,0,0,0,0,0,0,0,0,0,0,0,0,0,0,0,410,25220,678,78,17,0,92054,25993,63.39756097560976,0,0,0,0,0,0,0,0,0
68757,Newcastle,NE,42.65,-96.87,0,0,0,0,0,0,0,0,0,0,0,0,0,0,0,0,0,0,0,0,0,0,0,0,310,15651,755,40,6,0,52982,16452,53.07096774193547,0,0,0,0,0,0,0,0,0
68812,Amherst,NE,40.83758,-99.27096,1,4,0,0,0,0,0,0,0,0,0,0,0,0,0,0,0,0,0,0,0,0,0,0,350,19074,511,133,21,0,69266,19739,56.39714285714286,1,4,0,0,0,0,0,0,5
68850,Lexington,NE,40.77036026622649,-99.74239075882231,9,136,3,71,0,0,0,0,1,1,1,6,1,5,0,0,1,3,0,0,0,0,0,0,5940,243475,8428,1357,304,47,839883,253611,42.695454545454545,11,140,4,77,1,5,0,0,238
68862,Ord,NE,41.590492174545545,-98.95184811572264,0,0,0,0,0,0,0,0,0,0,0,0,0,0,0,0,0,0,0,0,0,0,0,0,1310,66841,3710,502,76,0,248565,71129,54.2969465648855,0,0,0,0,0,0,0,0,0
68935,Edgar,NE,40.3705682605505,-97.9699809104204,1,1,0,0,0,0,0,0,0,0,0,0,0,0,0,0,0,0,0,0,0,0,0,0,300,15818,908,41,0,0,54746,16767,55.89,1,1,0,0,0,0,0,0,2
68940,Funk,NE,40.46,-99.24,0,0,0,0,0,0,0,0,0,0,0,0,0,0,0,0,0,0,0,0,0,0,0,0,200,11015,150,57,12,0,40563,11234,56.17,0,0,0,0,0,0,0,0,0
68941,Glenvil,NE,40.5,-98.25,0,0,0,0,0,0,0,0,0,0,1,2,0,0,0,0,0,0,0,0,0,0,0,0,340,18810,568,66,11,0,66766,19455,57.220588235294116,0,0,1,2,0,0,0,0,3
68958,Loomis,NE,40.47,-99.5,0,0,0,0,0,0,0,0,0,0,0,0,0,0,0,0,0,0,0,0,0,0,0,0,290,16209,803,85,17,0,56367,17114,59.01379310344828,0,0,0,0,0,0,0,0,0
69022,Cambridge,NE,40.28212075,-100.16497385,1,5,1,4,0,0,0,0,0,0,0,0,0,0,0,0,0,0,0,0,0,0,0,0,700,36544,2421,203,46,0,130914,39214,56.02,1,5,1,4,0,0,0,0,11
69034,Indianola,NE,40.23502,-100.41684,0,0,0,0,0,0,0,0,0,0,0,0,0,0,0,0,0,0,0,0,0,0,0,0,410,19402,742,55,15,0,67262,20214,49.302439024390246,0,0,0,0,0,0,0,0,0
89008,Caliente,NV,37.61285663907273,-114.51546266267131,2,52,1,9,0,0,0,0,0,0,0,0,2,2,0,0,1,1,0,0,0,0,0,0,450,22221,4797,144,39,0,73274,27201,60.44666666666666,3,53,1,9,2,2,0,0,70
89110,Las Vegas,NV,36.17127206268953,-115.06756263870373,40,2047,20,1243,0,0,0,0,9,96,24,298,4,23,1,12,4,42,1,2,0,0,0,0,30210,1116578,87839,5512,2144,111,3878558,1212184,40.12525653757034,53,2185,45,1543,4,23,1,12,3866
89130,Las Vegas,NV,36.24178965198925,-115.22754847424538,33,1696,20,4517,1,192,0,0,11,108,24,622,7,62,1,22,3,16,5,67,1,5,0,0,16010,914536,110693,9219,2392,253,3536530,1037093,64.77782635852593,47,1820,49,5206,9,259,1,22,7413
89412,Black Rock City,NV,40.94966856445325,-119.442715763034,3,82,0,0,0,0,1,2,0,0,0,0,0,0,0,0,0,0,0,0,0,0,0,0,100,4466,0,0,0,0,12090,4466,44.66,3,82,0,0,0,0,1,2,88
89423,Minden,NV,38.964451537104395,-119.77079177990557,11,366,13,1248,1,87,0,0,4,19,11,76,2,21,2,10,1,2,3,24,1,3,0,0,6010,464768,84006,7520,1275,512,1897325,558081,92.85873544093178,16,387,27,1348,4,111,2,10,1905
89445,Winnemucca,NV,40.96683794904773,-117.7384060731011,21,434,14,1700,0,0,0,0,7,85,10,31,3,7,0,0,1,2,0,0,0,0,0,0,6230,391161,28232,2427,842,55,1456109,422717,67.85184590690207,29,521,24,1731,3,7,0,0,2315
89821,Crescent Valley,NV,40.52,-116.36,0,0,0,0,0,0,0,0,0,0,0,0,0,0,0,0,0,0,0,0,0,0,0,0,220,14267,812,0,0,0,45195,15079,68.5409090909091,0,0,0,0,0,0,0,0,0
03032,Auburn,NH,43.0029358293048,-71.36205245040007,2,36,1,9,0,0,0,0,0,0,0,0,0,0,0,0,0,0,0,0,0,0,0,0,2910,268429,11659,8585,667,99,1166457,289439,99.4635738831615,2,36,1,9,0,0,0,0,48
03044,Fremont,NH,42.98246930054797,-71.1277707025047,0,0,1,57,0,0,0,0,0,0,0,0,0,0,0,0,0,0,0,0,0,0,0,0,2460,164998,10704,7538,439,29,685236,183708,74.6780487804878,0,0,1,57,0,0,0,0,58
03052,Litchfield,NH,42.86384948226613,-71.4544012806719,1,42,1,45,0,0,0,0,0,0,1,9,0,0,0,0,0,0,0,0,0,0,0,0,4350,358011,20349,12208,940,121,1528371,391629,90.02965517241378,1,42,2,54,0,0,0,0,99
03076,Pelham,NH,42.71420538531088,-71.31739685579245,3,51,6,144,0,0,0,0,2,3,6,41,3,15,1,5,1,2,0,0,1,1,0,0,7190,613415,28751,25022,1667,437,2718332,669292,93.08650904033381,6,56,12,185,4,16,1,5,285
03087,Windham,NH,42.805511628216365,-71.29047543528705,4,190,12,754,0,0,0,0,0,0,7,57,2,12,1,7,1,2,0,0,0,0,0,0,7220,1027270,38188,38980,2293,2357,4914190,1109088,153.61329639889198,5,192,19,811,2,12,1,7,1049
03261,Northwood,NH,43.20351986219656,-71.17629813921238,1,23,6,267,0,0,0,0,1,2,4,21,0,0,0,0,0,0,0,0,0,0,0,0,2350,146603,9799,4707,344,36,575699,161489,68.71872340425531,2,25,10,288,0,0,0,0,325
03607,South Acworth,NH,43.18,-72.32,0,0,0,0,0,0,0,0,0,0,0,0,0,0,0,0,0,0,0,0,0,0,0,0,150,8247,481,0,0,0,24112,8728,58.18666666666667,0,0,0,0,0,0,0,0,0
03837,Gilmanton Iron Works,NH,43.43,-71.34,0,0,0,0,0,0,0,0,0,0,0,0,0,0,0,0,0,0,0,0,0,0,0,0,650,37983,2737,1548,103,0,150024,42371,65.18615384615384,0,0,0,0,0,0,0,0,0
03853,Mirror Lake,NH,43.63,-71.28,0,0,0,0,0,0,0,0,0,0,0,0,0,0,0,0,0,0,0,0,0,0,0,0,330,32403,3286,1158,67,108,144845,37022,112.1878787878788,0,0,0,0,0,0,0,0,0
07016,Cranford,NJ,40.65367119150019,-74.30214959427458,14,628,36,4588,6,769,0,0,3,26,18,194,5,32,1,17,0,0,6,27,2,27,0,0,11650,1398478,75673,71958,273,1146,6687371,1547528,132.83502145922748,17,654,60,4809,13,828,1,17,6399
07046,Mountain Lakes,NJ,40.88554502890687,-74.44985252067156,1,83,3,290,2,235,0,0,0,0,1,1,0,0,0,0,0,0,1,1,0,0,0,0,1990,698675,10494,26025,70,2268,3596951,737532,370.61909547738685,1,83,5,292,2,235,0,0,618
07078,Millburn,NJ,40.72194206420854,-74.3264565600093,4,173,4,454,1,61,0,0,1,10,7,67,6,26,1,4,0,0,1,9,0,0,0,0,5800,4218079,26906,109005,187,18890,22094789,4373067,753.9770689655172,5,183,12,530,7,87,1,4,829
07423,Ho Ho Kus,NJ,40.99718357472558,-74.1101913338226,2,74,8,513,2,328,0,0,0,0,3,8,2,35,0,0,0,0,0,0,0,0,0,0,1910,531212,13183,20879,15,1263,2739134,566552,296.6240837696335,2,74,11,521,4,363,0,0,975
07438,Oak Ridge,NJ,41.029439240264395,-74.50665901378113,7,141,8,312,0,0,0,0,0,0,4,15,1,2,0,0,0,0,0,0,0,0,0,0,5600,479381,32287,27058,114,139,2172432,538979,96.24625,7,141,12,327,1,2,0,0,490
07444,Pequannock,NJ,40.96639438757429,-74.28971744298552,10,267,7,955,0,0,0,0,3,19,10,90,4,29,0,0,0,0,0,0,0,0,0,0,6020,618846,56818,29694,92,581,2885577,706031,117.28089700996678,13,286,17,1045,4,29,0,0,1394
07647,Northvale,NJ,41.01090844099549,-73.94756889013784,13,245,14,759,2,117,0,0,3,8,7,36,3,22,0,0,1,1,0,0,0,0,0,0,2390,237816,12287,12686,11,186,1120334,262986,110.03598326359831,17,254,21,795,5,139,0,0,1231
07751,Morganville,NJ,40.357838805851685,-74.28650051613832,2,22,6,375,1,131,0,0,0,0,10,122,0,0,1,9,0,0,2,6,0,0,1,9,9620,1375460,41667,63228,340,2083,6840009,1482778,154.13492723492726,2,22,18,503,1,131,2,18,697
07760,Rumson,NJ,40.367054969158175,-73.98709142884826,4,104,11,1299,10,1252,0,0,0,0,2,42,2,4,0,0,0,0,0,0,0,0,0,0,4590,1541848,33020,47977,33,7958,8324621,1630836,355.30196078431374,4,104,13,1341,12,1256,0,0,2730
07821,Andover,NJ,40.971823380405134,-74.73957295667563,3,8,5,229,1,94,0,0,2,17,1,25,1,6,0,0,0,0,0,0,0,0,0,0,4320,405371,28898,23380,96,137,1869219,457882,105.9912037037037,5,25,6,254,2,100,0,0,392
07927,Cedar Knolls,NJ,40.81915221757717,-74.45397931438077,5,112,4,269,1,269,0,0,2,51,0,0,0,0,0,0,0,0,0,0,0,0,0,0,2080,219752,11491,7861,75,143,1021750,239322,115.05865384615385,7,163,4,269,1,269,0,0,713
07932,Florham Park,NJ,40.78706995968783,-74.39427967207203,7,166,15,1396,1,24,0,0,2,11,5,46,1,11,0,0,1,6,2,23,0,0,0,0,5450,1279368,40870,31042,98,4435,6357299,1355813,248.77302752293582,10,183,22,1465,2,35,0,0,1717
08007,Barrington,NJ,39.86951717182311,-75.05114103771477,4,66,3,120,0,0,0,0,1,2,0,0,0,0,0,0,0,0,1,1,0,0,0,0,2520,146707,11012,7811,48,0,609213,165578,65.70555555555555,5,68,4,121,0,0,0,0,198
08061,Mount Royal,NJ,39.8099,-75.21124,1,24,0,0,0,0,0,0,0,0,0,0,0,0,0,0,0,0,0,0,0,0,0,0,1480,134846,4923,6575,39,12,606864,146395,98.91554054054056,1,24,0,0,0,0,0,0,25
08066,Paulsboro,NJ,39.82717275190556,-75.23718009935398,5,52,6,111,0,0,0,0,1,1,2,8,0,0,0,0,0,0,0,0,0,0,0,0,3680,152687,13096,3838,55,0,569972,169676,46.10760869565218,6,53,8,119,0,0,0,0,186
08073,Rancocas,NJ,40.01,-74.87,0,0,0,0,0,0,0,0,0,0,0,0,0,0,0,0,0,0,0,0,0,0,0,0,210,14384,1950,520,0,0,58091,16854,80.25714285714284,0,0,0,0,0,0,0,0,0
08080,Sewell,NJ,39.76034630541128,-75.10416898947044,15,311,27,1364,1,49,0,0,3,6,13,72,4,22,0,0,1,1,2,7,1,5,1,3,18580,1592098,118248,79952,359,749,7222852,1791406,96.41582346609259,19,318,42,1443,6,76,1,3,1908
08081,Sicklerville,NJ,39.73411001953399,-74.99925325314359,23,553,21,1202,0,0,0,0,3,7,17,78,1,2,0,0,1,3,0,0,0,0,0,0,23760,1476747,103009,74277,1026,238,6341945,1655297,69.66738215488215,27,563,38,1280,1,2,0,0,1911
08105,Camden,NJ,39.948387352724254,-75.08674056348268,10,145,5,107,2,15,0,0,1,1,1,1,0,0,0,0,0,0,0,0,0,0,0,0,11590,297760,10934,1943,576,0,970206,311213,26.851855047454706,11,146,6,108,2,15,0,0,288
08812,Green Brook Township,NJ,40.59522525909528,-74.47422599150103,21,674,21,1371,0,0,0,0,3,11,16,150,5,54,2,14,1,8,1,3,0,0,0,0,7160,644278,24498,32230,171,541,2992567,701718,98.00530726256984,25,693,38,1524,5,54,2,14,2355
08830,Iselin,NJ,40.56850135866768,-74.3195798764562,20,941,31,5459,3,166,0,0,4,7,15,223,13,259,1,5,0,0,1,31,0,0,0,0,9280,694560,36511,25238,293,1173,2976454,757775,81.65678879310343,24,948,47,5713,16,425,1,5,7179
87013,Cuba,NM,36.010502798108355,-106.962698934145,5,56,1,140,0,0,0,0,0,0,0,0,0,0,0,0,0,0,0,0,0,0,0,0,1610,44360,4369,68,0,0,137941,48797,30.308695652173913,5,56,1,140,0,0,0,0,202
87021,Milan,NM,35.174409700617,-107.89545449487814,5,272,2,66,0,0,0,0,0,0,1,2,0,0,0,0,0,0,0,0,0,0,0,0,980,40766,3942,160,19,0,139287,44887,45.803061224489795,5,272,3,68,0,0,0,0,348
87036,Mountainair,NM,34.519774651949504,-106.24300796543169,1,10,1,14,0,0,0,0,0,0,0,0,0,0,0,0,0,0,0,0,0,0,0,0,780,32570,6981,257,10,0,116605,39818,51.04871794871796,1,10,1,14,0,0,0,0,26
87114,Albuquerque,NM,35.197734386075346,-106.65652381825501,35,1044,42,3227,0,0,0,0,11,98,40,414,17,74,1,3,2,25,0,0,2,6,1,18,28940,1747460,157684,26999,964,507,7056285,1933614,66.8145818935729,48,1167,82,3641,19,80,2,21,5060
87701,Las Vegas,NM,35.59946678605254,-105.22122566784927,20,329,11,647,0,0,1,14,1,2,11,27,0,0,0,0,0,0,1,1,0,0,0,0,8160,269195,53609,1652,216,90,924399,324762,39.79926470588235,21,331,23,675,0,0,1,14,1065
87821,Datil,NM,34.145207,-107.843776,0,0,1,33,0,0,0,0,0,0,0,0,0,0,0,0,0,0,0,0,0,0,0,0,220,9747,2341,0,0,0,31460,12088,54.94545454545455,0,0,1,33,0,0,0,0,34
87936,Garfield,NM,32.75,-107.26,0,0,0,0,0,0,0,0,0,0,0,0,0,0,0,0,0,0,0,0,0,0,0,0,150,5666,804,0,0,0,14929,6470,43.13333333333333,0,0,0,0,0,0,0,0,0
87942,Williamsburg,NM,33.06,-107.35,0,0,0,0,0,0,0,0,0,0,0,0,0,0,0,0,0,0,0,0,0,0,0,0,470,15926,2987,36,0,0,48836,18949,40.31702127659575,0,0,0,0,0,0,0,0,0
88318,Corona,NM,34.25025,-105.59519,1,10,0,0,0,0,0,0,0,0,0,0,0,0,0,0,0,0,0,0,0,0,0,0,150,6849,1116,0,0,0,20692,7965,53.1,1,10,0,0,0,0,0,0,11
88426,Logan,NM,35.365124092042116,-103.41101452404352,2,7,1,17,0,0,0,0,0,0,0,0,0,0,0,0,0,0,0,0,0,0,0,0,490,21220,3425,69,0,0,70016,24714,50.43673469387755,2,7,1,17,0,0,0,0,27
10035,New York,NY,40.80058942330929,-73.93924811167828,26,679,13,1168,0,0,0,0,11,78,15,102,0,0,1,1,2,12,2,22,0,0,0,0,15130,689242,25796,2420,155,188,2840244,717801,47.44223397224058,39,769,30,1292,0,0,1,1,2132
10170,New York,NY,40.75,-73.98,0,0,0,0,0,0,0,0,0,0,0,0,0,0,0,0,0,0,0,0,0,0,0,0,270,138895,0,2767,0,629,765376,142291,527.0037037037036,0,0,0,0,0,0,0,0,0
10588,Shrub Oak,NY,41.32990854526551,-73.82446118453012,1,32,7,262,0,0,0,0,0,0,2,11,0,0,0,0,1,5,1,3,0,0,0,0,1350,115883,12993,6342,0,37,519296,135255,100.18888888888887,2,37,10,276,0,0,0,0,325
10709,Eastchester,NY,40.955366337534784,-73.81416547209685,3,93,10,1296,1,29,0,0,1,3,9,68,1,10,1,3,0,0,2,8,1,5,0,0,4850,696197,37103,38071,38,1005,3436458,772414,159.26061855670102,4,96,21,1372,3,44,1,3,1544
10917,Woodbury,NY,41.32080270769024,-74.12455139071496,11,157,12,777,0,0,0,0,3,5,24,765,30,184,13,47,0,0,0,0,0,0,0,0,1010,90851,6895,5275,4,29,408984,103054,102.03366336633663,14,162,36,1542,30,184,13,47,2028
10922,Fort Montgomery,NY,41.3353350034551,-73.9831065586365,0,0,2,195,0,0,0,0,0,0,0,0,0,0,0,0,0,0,0,0,0,0,0,0,820,62285,6805,2677,0,0,262344,71767,87.52073170731707,0,0,2,195,0,0,0,0,197
10956,New City,NY,41.14279061893525,-73.99130804796192,15,455,36,2156,1,40,0,0,2,9,9,81,2,13,1,27,3,4,2,11,0,0,0,0,15970,1855595,151516,111671,481,2372,8871546,2121635,132.8512836568566,20,468,47,2248,3,53,1,27,2867
10962,Orangeburg,NY,41.0472883332716,-73.94982469711051,5,80,14,744,1,152,0,0,0,0,2,59,0,0,0,0,1,2,1,1,0,0,0,0,2540,280347,21871,16119,45,238,1322782,318620,125.44094488188976,6,82,17,804,1,152,0,0,1062
10987,Tuxedo Park,NY,41.19360860776286,-74.19261443195724,3,64,3,355,0,0,0,0,0,0,1,1,0,0,0,0,0,0,0,0,0,0,0,0,1890,300017,17730,14235,33,846,1489183,332861,176.11693121693122,3,64,4,356,0,0,0,0,427
11215,Brooklyn,NY,40.6685033820253,-73.98461118731423,36,4104,44,8508,2,193,0,0,10,254,46,1895,16,455,3,14,11,243,18,685,6,108,0,0,32930,4521918,121489,42776,280,9607,22362158,4696070,142.6076525964166,57,4601,108,11088,24,756,3,14,16651
11542,Glen Cove,NY,40.864352432787705,-73.62785287847902,25,686,27,1701,5,226,1,31,2,20,11,55,5,34,0,0,1,4,3,11,0,0,0,0,13520,1099738,68054,50771,243,2471,5046694,1221277,90.33113905325443,28,710,41,1767,10,260,1,31,2848
11706,Bay Shore,NY,40.723218096877105,-73.24161575524319,12,268,29,3239,6,1196,0,0,3,17,17,149,10,97,1,2,1,5,2,36,1,2,0,0,32710,1906793,126628,91521,1411,1289,8239103,2127642,65.04561296239682,16,290,48,3424,17,1295,1,2,5093
11959,Quogue,NY,40.816657841205604,-72.608235552907,0,0,0,0,0,0,1,13,0,0,2,19,0,0,0,0,0,0,0,0,0,0,0,0,720,145112,8095,4365,0,955,740102,158527,220.17638888888888,0,0,2,19,0,0,1,13,35
12065,Clifton Park,NY,42.85866910961068,-73.77413297633358,35,1198,53,3293,1,16,1,8,4,28,38,247,16,87,1,3,2,11,4,25,2,6,0,0,22620,1863421,177298,52756,317,1352,8081997,2095144,92.62351900972591,41,1237,95,3565,19,109,2,11,5079
12070,Fort Johnson,NY,42.99,-74.26,0,0,0,0,0,0,0,0,0,0,0,0,0,0,0,0,0,0,0,0,0,0,0,0,650,43540,4343,992,0,0,174119,48875,75.19230769230771,0,0,0,0,0,0,0,0,0
12095,Johnstown,NY,43.01233781661367,-74.36569128474962,9,104,11,167,0,0,0,0,3,10,1,6,2,11,0,0,0,0,1,1,0,0,0,0,5620,275045,29973,4256,50,0,1004340,309324,55.03985765124556,12,114,13,174,2,11,0,0,326
12108,Lake Pleasant,NY,43.461098,-74.4385691,0,0,0,0,0,0,0,0,0,0,0,0,0,0,0,0,0,0,0,0,0,0,0,0,220,12465,2759,354,0,0,44617,15578,70.80909090909091,0,0,0,0,0,0,0,0,0
12122,Middleburgh,NY,42.600059855970684,-74.33463253735545,4,27,5,90,0,0,0,0,0,0,2,10,0,0,0,0,0,0,0,0,0,0,0,0,1890,90493,12884,2434,0,0,332815,105811,55.984656084656095,4,27,7,100,0,0,0,0,138
12136,Old Chatham,NY,42.4547615,-73.55825899999998,0,0,2,60,0,0,0,0,0,0,0,0,0,0,0,0,0,0,0,0,0,0,0,0,440,53482,4607,2035,0,138,235224,60262,136.95909090909092,0,0,2,60,0,0,0,0,62
12154,Schaghticoke,NY,42.91233941428572,-73.58242399999997,1,9,4,72,0,0,0,0,0,0,1,1,0,0,0,0,0,0,0,0,0,0,0,0,1450,95426,9278,3096,0,0,388253,107800,74.34482758620689,1,9,5,73,0,0,0,0,88
12418,Cornwallville,NY,42.36,-74.17,0,0,0,0,0,0,0,0,0,0,0,0,0,0,0,0,0,0,0,0,0,0,0,0,240,12213,1538,325,0,0,43355,14076,58.65,0,0,0,0,0,0,0,0,0
12469,Preston Hollow,NY,42.44,-74.2,0,0,0,0,0,0,0,0,0,0,0,0,0,0,0,0,0,0,0,0,0,0,0,0,320,17678,2499,677,0,0,66945,20854,65.16875,0,0,0,0,0,0,0,0,0
12501,Amenia,NY,41.85415207449004,-73.55987598514027,1,34,3,84,2,148,0,0,1,1,0,0,0,0,0,0,0,0,0,0,0,0,0,0,1020,64387,7250,2065,0,60,268825,73762,72.31568627450979,2,35,3,84,2,148,0,0,274
12502,Ancram,NY,42.120619666666656,-73.71852966666667,2,85,1,21,0,0,0,0,0,0,0,0,0,0,0,0,0,0,0,0,0,0,0,0,470,31372,2957,1383,0,0,132230,35712,75.98297872340426,2,85,1,21,0,0,0,0,109
12531,Holmes,NY,41.51881,-73.69601,1,11,0,0,0,0,0,0,0,0,0,0,0,0,0,0,0,0,0,0,0,0,0,0,1570,136293,11343,7372,34,64,613723,155106,98.79363057324841,1,11,0,0,0,0,0,0,12
12563,Patterson,NY,41.50031928205368,-73.58429969370242,3,30,9,499,0,0,0,0,0,0,5,18,1,3,0,0,0,0,0,0,0,0,0,0,3560,268854,22867,14375,117,166,1205595,306379,86.06151685393259,3,30,14,517,1,3,0,0,568
12592,Wassaic,NY,41.78,-73.54,0,0,0,0,0,0,0,0,0,0,0,0,0,0,0,0,0,0,0,0,0,0,0,0,550,33528,4994,1137,0,0,129294,39659,72.10727272727273,0,0,0,0,0,0,0,0,0
12732,Eldred,NY,41.52729116336255,-74.88541074174755,0,0,2,15,0,0,0,0,0,0,0,0,0,0,0,0,0,0,0,0,0,0,0,0,360,26893,2560,772,0,0,108677,30225,83.95833333333333,0,0,2,15,0,0,0,0,17
12834,Greenwich,NY,43.10030970701536,-73.50538546696822,8,72,1,6,1,43,0,0,1,5,4,7,0,0,1,3,0,0,0,0,0,0,0,0,3200,186955,20082,5583,27,28,746102,212675,66.4609375,9,77,5,13,1,43,1,3,152
12843,Johnsburg,NY,43.57,-73.97,0,0,0,0,0,0,0,0,0,0,0,0,0,0,0,0,0,0,0,0,0,0,0,0,260,13295,1885,242,0,0,45696,15422,59.315384615384616,0,0,0,0,0,0,0,0,0
12917,Burke,NY,44.921137,-74.1453515,1,5,0,0,0,0,0,0,0,0,0,0,0,0,0,0,0,0,0,0,0,0,0,0,590,27444,2940,278,0,0,92364,30662,51.96949152542373,1,5,0,0,0,0,0,0,6
13029,Brewerton,NY,43.234179694436996,-76.13544388419652,4,71,1,12,0,0,0,0,1,13,1,2,0,0,0,0,0,0,0,0,0,0,0,0,3520,251966,21029,8686,84,83,1076758,281848,80.07045454545455,5,84,2,14,0,0,0,0,105
13034,Cayuga,NY,42.91,-76.72,0,0,0,0,0,0,0,0,0,0,0,0,0,0,0,0,0,0,0,0,0,0,0,0,860,49416,5351,1185,0,0,188192,55952,65.06046511627908,0,0,0,0,0,0,0,0,0
13061,Erieville,NY,42.876438125968,-75.75940869748591,1,25,0,0,0,0,0,0,0,0,1,2,0,0,0,0,0,0,0,0,0,0,0,0,510,35895,3434,1124,0,0,150093,40453,79.31960784313725,1,25,1,2,0,0,0,0,29
13308,Blossvale,NY,43.27,-75.64,0,0,0,0,0,0,0,0,0,0,0,0,0,0,0,0,0,0,0,0,0,0,0,0,1570,71007,7343,979,0,0,251419,79329,50.528025477707004,0,0,0,0,0,0,0,0,0
13365,Little Falls,NY,43.03605159299883,-74.8486178733753,8,67,4,81,3,60,0,0,0,0,3,21,1,1,0,0,0,0,1,3,0,0,0,0,3690,187089,17997,2656,13,82,690633,207837,56.324390243902435,8,67,8,105,4,61,0,0,253
13603,Watertown,NY,44.0447643013931,-75.80697975745599,0,0,0,0,0,0,0,0,0,0,0,0,0,0,0,0,0,0,0,0,0,0,0,0,3540,143509,1016,275,26,0,444979,144826,40.91129943502825,0,0,0,0,0,0,0,0,0
13673,Philadelphia,NY,44.146143,-75.71359975,3,19,1,13,0,0,0,0,0,0,0,0,0,0,0,0,0,0,0,0,0,0,0,0,960,43339,4946,409,0,0,148311,48694,50.72291666666667,3,19,1,13,0,0,0,0,36
13678,Raymondville,NY,44.81,-74.99,0,0,0,0,0,0,0,0,0,0,0,0,0,0,0,0,0,0,0,0,0,0,0,0,110,4616,1187,0,0,0,12089,5803,52.75454545454546,0,0,0,0,0,0,0,0,0
13730,Afton,NY,42.225537487384145,-75.52683247745443,1,3,3,68,0,0,0,0,0,0,0,0,0,0,0,0,0,0,0,0,0,0,0,0,1270,56295,7146,1025,0,0,201276,64466,50.76062992125984,1,3,3,68,0,0,0,0,75
13780,Guilford,NY,42.4,-75.49,0,0,0,0,0,0,0,0,0,0,0,0,0,0,0,0,0,0,0,0,0,0,0,0,480,22991,2728,516,0,0,80371,26235,54.65625,0,0,0,0,0,0,0,0,0
13809,Mount Upton,NY,42.437649650634754,-75.3864610168457,0,0,1,6,0,0,0,0,0,0,0,0,0,0,0,0,0,0,0,0,0,0,0,0,710,31795,3565,365,0,0,107593,35725,50.3169014084507,0,0,1,6,0,0,0,0,7
13811,Newark Valley,NY,42.22041602500001,-76.185753825,0,0,1,7,0,0,0,0,0,0,1,1,0,0,0,0,0,0,0,0,0,0,0,0,1940,96025,11235,2044,0,0,351947,109304,56.342268041237105,0,0,2,8,0,0,0,0,10
13850,Vestal,NY,42.09207137511714,-76.0102691597144,20,459,23,816,1,35,1,8,10,54,21,83,6,31,1,8,0,0,0,0,0,0,0,0,9820,775671,76063,24428,153,722,3373194,877037,89.3113034623218,30,513,44,899,7,66,2,16,1577
13862,Whitney Point,NY,42.33269985145153,-75.97027602571023,8,65,1,104,0,0,0,0,2,3,2,5,0,0,0,0,0,0,0,0,0,0,0,0,1860,89741,9113,1555,0,0,326491,100409,53.98333333333333,10,68,3,109,0,0,0,0,190
13901,Binghamton,NY,42.10717511724192,-75.90844445544838,24,598,23,2048,1,137,1,5,4,12,9,39,1,3,0,0,0,0,1,4,0,0,0,0,8420,427529,47993,9954,60,105,1658580,485641,57.6770783847981,28,610,33,2091,2,140,1,5,2910
14134,Sardinia,NY,42.53,-78.52,0,0,0,0,0,0,0,0,0,0,0,0,0,0,0,0,0,0,0,0,0,0,0,0,150,6539,952,58,0,0,21713,7549,50.32666666666667,0,0,0,0,0,0,0,0,0
14167,Varysburg,NY,42.754165,-78.33671000000002,0,0,2,11,0,0,0,0,0,0,0,0,0,0,0,0,0,0,0,0,0,0,0,0,800,41932,5399,833,0,0,153567,48164,60.205,0,0,2,11,0,0,0,0,13
14170,West Falls,NY,42.7177145,-78.68226999999997,0,0,0,0,1,13,0,0,0,0,0,0,0,0,0,0,0,0,0,0,0,0,0,0,1250,84745,7439,2915,0,33,359017,95132,76.1056,0,0,0,0,1,13,0,0,14
14203,Buffalo,NY,42.88760957760418,-78.87254399881508,18,486,17,2300,0,0,0,0,4,10,9,63,1,8,0,0,0,0,1,2,0,0,0,0,870,50439,970,386,0,10,208103,51805,59.545977011494244,22,496,27,2365,1,8,0,0,2919
14304,Niagara Falls,NY,43.09244577729621,-78.9697562714888,31,549,36,2298,0,0,0,0,7,50,41,127,7,22,0,0,2,10,0,0,0,0,0,0,15020,701654,77517,13379,115,50,2594649,792715,52.777296937416786,40,609,77,2425,7,22,0,0,3180
14454,Geneseo,NY,42.79682877270694,-77.80130954844836,12,188,9,288,0,0,0,0,2,6,4,15,1,2,1,2,0,0,1,5,1,2,0,0,3070,213740,27841,6910,12,190,881093,248693,81.00749185667752,14,194,14,308,2,4,1,2,539
14710,Ashville,NY,42.107238,-79.373257,0,0,1,19,0,0,0,0,0,0,0,0,0,0,0,0,0,0,0,0,0,0,0,0,1610,78424,8340,1506,0,0,288071,88270,54.82608695652174,0,0,1,19,0,0,0,0,20
14715,Bolivar,NY,42.06778,-78.1678699,0,0,0,0,0,0,0,0,0,0,0,0,0,0,0,0,0,0,0,0,0,0,0,0,1130,45429,4341,618,0,0,154194,50388,44.59115044247788,0,0,0,0,0,0,0,0,0
14847,Interlaken,NY,42.618693325,-76.68916815,2,117,2,67,0,0,0,0,0,0,0,0,0,0,0,0,0,0,0,0,0,0,0,0,1120,56683,8237,1168,0,0,204240,66088,59.00714285714286,2,117,2,67,0,0,0,0,188
14903,Elmira,NY,42.1441109792238,-76.85263054172421,5,64,9,231,0,0,0,0,0,0,9,24,4,9,1,5,0,0,0,0,0,0,0,0,3600,221419,20205,5397,47,106,906955,247174,68.65944444444446,5,64,18,255,4,9,1,5,361
27018,East Bend,NC,36.21445813443042,-80.5015858896011,0,0,1,38,0,0,0,0,0,0,0,0,0,0,0,0,0,0,0,0,0,0,0,0,3290,176642,17985,1496,175,107,680885,196405,59.69756838905775,0,0,1,38,0,0,0,0,39
27258,Haw River,NC,36.08877427395353,-79.35619193804386,4,136,3,21,0,0,0,0,0,0,0,0,0,0,0,0,0,0,0,0,0,0,0,0,3090,151153,10648,1357,184,0,580056,163342,52.86148867313915,4,136,3,21,0,0,0,0,164
27560,Morrisville,NC,35.83786237401071,-78.83689731685442,31,2331,32,5225,1,155,0,0,6,95,30,321,9,34,2,11,2,42,4,23,2,14,0,0,15240,1321236,31118,17733,1773,1084,5709094,1372944,90.08818897637795,39,2468,66,5569,12,203,2,11,8370
27610,Raleigh,NC,35.782677085088984,-78.58257547401426,37,705,12,542,0,0,0,0,11,44,17,70,0,0,0,0,1,7,1,3,0,0,0,0,31140,1137290,79017,11494,2102,80,4276284,1229983,39.49849068721901,49,756,30,615,0,0,0,0,1450
27705,Durham,NC,36.01969322932215,-78.94044918810873,44,2194,33,4736,2,99,0,0,15,79,37,475,7,66,2,12,0,0,7,140,2,35,1,3,20780,1618367,114736,27983,2319,2296,7296331,1765701,84.97117420596726,59,2273,77,5351,11,200,3,15,7989
27830,Fremont,NC,35.54250899999999,-77.97637766666666,2,4,0,0,0,0,0,0,1,1,0,0,0,0,0,0,1,1,0,0,0,0,0,0,1920,80036,9385,458,94,0,284257,89973,46.8609375,4,6,0,0,0,0,0,0,10
27874,Scotland Neck,NC,36.12525473435874,-77.4233167486328,1,3,1,11,0,0,0,0,0,0,0,0,0,0,0,0,0,0,0,0,0,0,0,0,1760,62255,6947,479,95,0,221339,69776,39.64545454545455,1,3,1,11,0,0,0,0,16
27922,Cofield,NC,36.35,-76.9,0,0,0,0,0,0,0,0,0,0,0,0,0,0,0,0,0,0,0,0,0,0,0,0,340,12714,1149,75,20,0,43247,13958,41.0529411764706,0,0,0,0,0,0,0,0,0
27929,Currituck,NC,36.4499356214429,-76.01802603689009,1,4,1,103,0,0,0,0,0,0,0,0,0,0,0,0,0,0,0,0,0,0,0,0,780,56272,8487,603,68,0,229020,65430,83.88461538461539,1,4,1,103,0,0,0,0,109
27937,Gates,NC,36.48499580769774,-76.74942608544846,1,11,0,0,0,0,0,0,0,0,0,0,0,0,0,0,0,0,0,0,0,0,0,0,1570,73549,8729,644,130,0,272373,83052,52.89936305732485,1,11,0,0,0,0,0,0,12
28174,Wingate,NC,34.982698177424915,-80.45164897141028,4,44,0,0,0,0,0,0,0,0,0,0,0,0,0,0,0,0,0,0,0,0,0,0,3420,140645,9345,1220,198,0,525193,151408,44.27134502923977,4,44,0,0,0,0,0,0,48
28425,Burgaw,NC,34.558091003048055,-77.91436322333044,11,70,3,74,0,0,0,0,1,1,1,3,0,0,0,0,1,1,0,0,0,0,0,0,4290,187831,20653,2012,290,23,703128,210809,49.13962703962704,13,72,4,77,0,0,0,0,166
28433,Clarkton,NC,34.48,-78.65,0,0,0,0,0,0,0,0,0,0,0,0,0,0,0,0,0,0,0,0,0,0,0,0,1790,75526,7161,555,114,0,281856,83356,46.56759776536313,0,0,0,0,0,0,0,0,0
28457,Rocky Point,NC,34.428695726141356,-77.8801145624512,4,96,0,0,0,0,1,2,0,0,0,0,0,0,0,0,0,0,0,0,0,0,0,0,4660,209216,15671,2156,318,0,788862,227361,48.78991416309013,4,96,0,0,0,0,1,2,103
28643,Lansing,NC,36.498188299999995,-81.51037975,1,3,1,50,0,0,0,0,0,0,0,0,0,0,0,0,0,0,0,0,0,0,0,0,1240,46832,4883,300,30,0,161529,52045,41.971774193548384,1,3,1,50,0,0,0,0,55
58012,Casselton,ND,46.89283881108396,-97.21196748470057,0,0,2,9,0,0,0,0,0,0,0,0,0,0,0,0,0,0,0,0,0,0,0,0,1190,93683,3430,856,0,119,368324,98088,82.42689075630253,0,0,2,9,0,0,0,0,11
58052,Leonard,ND,46.65,-97.24,0,0,0,0,0,0,0,0,0,0,0,0,0,0,0,0,0,0,0,0,0,0,0,0,300,17236,788,53,0,0,57662,18077,60.25666666666667,0,0,0,0,0,0,0,0,0
58053,Lidgerwood,ND,46.07,-97.14,0,0,0,0,0,0,0,0,0,0,0,0,0,0,0,0,0,0,0,0,0,0,0,0,540,27610,932,26,0,0,89581,28568,52.9037037037037,0,0,0,0,0,0,0,0,0
58059,Mapleton,ND,46.883453369140604,-97.0518569946289,0,0,0,0,0,0,0,0,0,0,0,0,0,0,0,0,0,0,0,0,0,0,0,0,730,49635,1467,390,0,0,181154,51492,70.53698630136986,0,0,0,0,0,0,0,0,0
58060,Milnor,ND,46.26,-97.45,0,0,0,0,0,0,0,0,0,0,0,0,0,0,0,0,0,0,0,0,0,0,0,0,600,37373,1410,87,0,0,123700,38870,64.78333333333333,0,0,0,0,0,0,0,0,0
58061,Mooreton,ND,46.26823,-96.87564,0,0,0,0,0,0,0,0,0,0,0,0,0,0,0,0,0,0,0,0,0,0,0,0,220,14334,105,0,0,0,49706,14439,65.63181818181818,0,0,0,0,0,0,0,0,0
58301,Devils Lake,ND,48.10893983938468,-98.87338097698796,9,62,7,92,0,0,0,0,1,1,1,3,0,0,0,0,0,0,0,0,0,0,0,0,4900,281100,19826,1341,39,181,1022346,302487,61.73204081632653,10,63,8,95,0,0,0,0,176
58384,Willow City,ND,48.6,-100.29,0,0,0,0,0,0,0,0,0,0,0,0,0,0,0,0,0,0,0,0,0,0,0,0,270,13254,924,0,0,0,40281,14178,52.511111111111106,0,0,0,0,0,0,0,0,0
58413,Ashley,ND,46.03,-99.37,0,0,0,0,0,0,0,0,0,0,0,0,0,0,0,0,0,0,0,0,0,0,0,0,520,25222,1404,20,0,0,82539,26646,51.24230769230769,0,0,0,0,0,0,0,0,0
58563,New Salem,ND,46.859060137757595,-101.417088470472,2,7,0,0,0,0,0,0,0,0,0,0,0,0,0,0,0,0,0,0,0,0,0,0,920,54101,2190,117,0,0,184300,56408,61.31304347826087,2,7,0,0,0,0,0,0,9
58725,Carpio,ND,48.44,-101.71,0,0,0,0,0,0,0,0,0,0,0,0,0,0,0,0,0,0,0,0,0,0,0,0,160,8822,0,0,0,0,25881,8822,55.1375,0,0,0,0,0,0,0,0,0
58843,Epping,ND,48.28,-103.35,0,0,0,0,0,0,0,0,0,0,0,0,0,0,0,0,0,0,0,0,0,0,0,0,240,22572,461,89,0,0,83633,23122,96.34166666666668,0,0,0,0,0,0,0,0,0
58845,Grenora,ND,48.61756,-103.93736,0,0,0,0,0,0,0,0,0,0,0,0,0,0,0,0,0,0,0,0,0,0,0,0,170,11011,0,0,0,0,35095,11011,64.77058823529411,0,0,0,0,0,0,0,0,0
43056,Heath,OH,40.02956454218962,-82.4417532337877,16,189,19,476,0,0,1,4,2,7,17,46,5,12,0,0,0,0,1,5,0,0,0,0,8650,445118,52632,6233,45,81,1685976,504109,58.278497109826596,18,196,37,527,5,12,1,4,800
43080,Utica,OH,40.2325486215071,-82.45228587494941,2,14,1,25,0,0,0,0,0,0,0,0,0,0,0,0,0,0,0,0,0,0,0,0,2440,119851,11754,1302,4,0,443353,132911,54.47172131147541,2,14,1,25,0,0,0,0,42
43204,Columbus,OH,39.956122548982854,-83.08457766659876,21,386,3,73,0,0,0,0,3,25,5,57,2,3,0,0,0,0,2,10,0,0,1,3,19260,745600,58954,8385,130,228,2715197,813297,42.227258566978186,24,411,10,140,2,3,1,3,594
43217,Columbus,OH,39.82,-82.92,0,0,0,0,0,0,0,0,0,0,0,0,0,0,0,0,0,0,0,0,0,0,0,0,1040,29594,829,0,0,0,88948,30423,29.252884615384612,0,0,0,0,0,0,0,0,0
43222,Columbus,OH,39.95777533486119,-83.03454459740709,10,255,0,0,0,0,0,0,0,0,1,5,0,0,0,0,1,3,1,5,0,0,0,0,1600,36417,1259,42,0,0,115446,37718,23.57375,11,258,2,10,0,0,0,0,281
43447,Millbury,OH,41.55880495,-83.44456500000003,0,0,0,0,0,0,0,0,0,0,0,0,0,0,0,0,0,0,0,0,0,0,0,0,1810,102201,10885,1470,4,0,387953,114560,63.29281767955801,0,0,0,0,0,0,0,0,0
43607,Toledo,OH,41.65223808576192,-83.62131324232881,13,268,1,55,0,0,0,0,1,1,2,3,0,0,0,0,0,0,1,1,0,0,0,0,8350,244100,37807,1788,72,0,830245,283767,33.98407185628743,14,269,4,59,0,0,0,0,346
43758,Malta,OH,39.6483612060547,-81.859260559082,0,0,0,0,0,0,0,0,0,0,0,0,0,0,0,0,0,0,0,0,0,0,0,0,1380,52062,6394,172,0,0,170976,58628,42.484057971014494,0,0,0,0,0,0,0,0,0
43945,Salineville,OH,40.624746,-80.827047,1,2,0,0,0,0,0,0,0,0,0,0,0,0,0,0,0,0,0,0,0,0,0,0,1240,51033,5113,205,0,0,166741,56351,45.44435483870968,1,2,0,0,0,0,0,0,3
44054,Sheffield Lake,OH,41.45348668026818,-82.08724430655741,7,111,3,136,0,0,0,0,1,2,1,1,2,21,0,0,0,0,0,0,0,0,0,0,6350,340905,34079,6412,52,37,1324500,381485,60.07637795275591,8,113,4,137,2,21,0,0,285
44149,Strongsville,OH,41.31279066933625,-81.85708153567556,6,147,2,34,0,0,0,0,0,0,4,14,0,0,0,0,1,4,0,0,0,0,0,0,10610,925889,76719,24295,230,1255,4132450,1028388,96.9262959472196,7,151,6,48,0,0,0,0,212
44333,Fairlawn,OH,41.13368038519558,-81.62867887945858,24,534,40,2773,4,292,0,0,8,35,30,192,11,52,4,57,2,14,4,21,0,0,3,47,9610,1291548,70170,28481,99,3095,6278245,1393393,144.99406867845994,34,583,74,2986,15,344,7,104,4147
44514,Poland,OH,41.01823632838629,-80.61763789037792,13,170,10,348,1,20,0,0,4,19,3,6,3,8,0,0,0,0,0,0,0,0,0,0,11850,840188,83798,13229,66,878,3530659,938159,79.16953586497891,17,189,13,354,4,28,0,0,605
44641,Louisville,OH,40.8428879380802,-81.26531936905445,3,19,0,0,0,0,0,0,0,0,2,4,0,0,0,0,0,0,1,2,0,0,0,0,10140,527605,56707,5892,32,163,1982119,590399,58.224753451676534,3,19,3,6,0,0,0,0,31
44805,Ashland,OH,40.85824025128542,-82.30784463651732,24,295,15,251,0,0,0,0,4,8,6,9,2,21,1,2,0,0,1,3,0,0,0,0,14740,731797,80801,6453,52,304,2750254,819407,55.590705563093614,28,303,22,263,2,21,1,2,642
44818,Bloomville,OH,41.066419591906154,-83.01523852348329,1,3,0,0,0,0,0,0,0,0,0,0,0,0,0,0,0,0,0,0,0,0,0,0,1210,55606,4421,221,0,0,188675,60248,49.79173553719009,1,3,0,0,0,0,0,0,4
44866,Polk,OH,40.94,-82.21,0,0,0,0,0,0,0,0,0,0,0,0,0,0,0,0,0,0,0,0,0,0,0,0,880,40597,3973,256,0,0,140733,44826,50.93863636363636,0,0,0,0,0,0,0,0,0
45002,Cleves,OH,39.18362606646197,-84.73881566150781,6,97,3,148,0,0,0,0,0,0,1,3,0,0,0,0,0,0,0,0,0,0,0,0,6680,478722,34503,9991,63,302,2040858,523581,78.38038922155687,6,97,4,151,0,0,0,0,258
45118,Fayetteville,OH,39.1826700746252,-83.92992902190251,1,3,0,0,0,0,0,0,0,0,0,0,0,0,0,0,0,0,0,0,0,0,0,0,1790,88733,8491,731,0,0,314684,97955,54.72346368715084,1,3,0,0,0,0,0,0,4
45162,Pleasant Plain,OH,39.2771912,-84.1140594,1,33,0,0,0,0,0,0,0,0,0,0,0,0,0,0,0,0,0,0,0,0,0,0,1240,66516,5317,948,0,0,250425,72781,58.69435483870968,1,33,0,0,0,0,0,0,34
45223,Cincinnati,OH,39.1612092630167,-84.54027946132007,12,704,10,1605,0,0,0,0,4,65,10,210,4,12,0,0,1,4,1,23,0,0,0,0,6210,245332,13547,2150,18,44,924395,261091,42.043639291465375,17,773,21,1838,4,12,0,0,2665
45224,Cincinnati,OH,39.2055381478214,-84.53965925189107,8,144,4,250,0,0,0,0,1,2,2,11,2,30,2,11,0,0,1,4,0,0,1,4,10130,489479,62180,6902,90,303,1894106,558954,55.17808489634749,9,146,7,265,2,30,3,15,477
45378,Verona,OH,39.90347,-84.48798000000002,0,0,1,8,0,0,0,0,0,0,0,0,0,0,0,0,0,0,0,0,0,0,0,0,170,7134,536,0,0,0,20744,7670,45.11764705882353,0,0,1,8,0,0,0,0,9
45382,West Manchester,OH,39.9,-84.62,0,0,0,0,0,0,0,0,0,0,0,0,0,0,0,0,0,0,0,0,0,0,0,0,520,22782,2258,119,0,0,75595,25159,48.38269230769231,0,0,0,0,0,0,0,0,0
45385,Xenia,OH,39.68697683851171,-83.93980129562314,18,244,7,220,0,0,0,0,2,16,4,27,1,4,0,0,1,3,1,13,0,0,0,0,18170,1100837,139971,20305,178,570,4461017,1261861,69.447495872317,21,263,12,260,1,4,0,0,561
45417,Dayton,OH,39.74704951498288,-84.26598199766397,3,8,1,4,0,0,0,0,0,0,0,0,0,0,0,0,0,0,0,0,0,0,0,0,11190,300641,55088,1778,76,0,972119,357583,31.955585344057198,3,8,1,4,0,0,0,0,16
45628,Frankfort,OH,39.41809,-83.17183,0,0,0,0,0,0,0,0,0,0,0,0,0,0,0,0,0,0,0,0,0,0,0,0,2340,115262,11923,729,6,0,416847,127920,54.66666666666666,0,0,0,0,0,0,0,0,0
45658,Patriot,OH,38.77,-82.43,0,0,0,0,0,0,0,0,0,0,0,0,0,0,0,0,0,0,0,0,0,0,0,0,910,37842,4489,167,0,0,124351,42498,46.7010989010989,0,0,0,0,0,0,0,0,0
45696,Willow Wood,OH,38.59,-82.45,0,0,0,0,0,0,0,0,0,0,0,0,0,0,0,0,0,0,0,0,0,0,0,0,550,25595,2369,70,0,0,84592,28034,50.97090909090909,0,0,0,0,0,0,0,0,0
45821,Cecil,OH,41.236024532637295,-84.56362282857295,1,5,0,0,0,0,0,0,0,0,0,0,0,0,0,0,0,0,0,0,0,0,0,0,630,26907,3223,113,0,0,87386,30243,48.00476190476191,1,5,0,0,0,0,0,0,6
45865,Minster,OH,40.38794912010308,-84.37539725066742,2,14,2,9,0,0,0,0,0,0,3,10,0,0,0,0,0,0,0,0,0,0,0,0,2590,194710,10734,2092,4,266,821607,207806,80.23397683397684,2,14,5,19,0,0,0,0,40
73021,Colony,OK,35.34,-98.67,0,0,0,0,0,0,0,0,0,0,0,0,0,0,0,0,0,0,0,0,0,0,0,0,130,6089,539,0,0,0,19982,6628,50.98461538461538,0,0,0,0,0,0,0,0,0
73027,Coyle,OK,35.95,-97.23,0,0,0,0,0,0,0,0,0,0,0,0,0,0,0,0,0,0,0,0,0,0,0,0,400,19121,1218,81,0,0,65819,20420,51.05,0,0,0,0,0,0,0,0,0
73059,Minco,OK,35.31064839542341,-97.94488251922381,1,7,0,0,0,0,0,0,1,1,0,0,0,0,0,0,0,0,0,0,0,0,0,0,1140,61307,5557,204,9,0,223398,67077,58.83947368421053,2,8,0,0,0,0,0,0,10
73080,Purcell,OK,35.003208134878626,-97.36819831996958,5,107,4,44,0,0,0,0,2,4,2,3,0,0,0,0,0,0,0,0,0,0,0,0,3920,214826,19737,1614,94,78,818090,236349,60.293112244897955,7,111,6,47,0,0,0,0,171
73095,Wayne,OK,34.91,-97.31,0,0,0,0,0,0,0,0,0,0,0,0,0,0,0,0,0,0,0,0,0,0,0,0,750,37937,3306,146,6,0,136338,41395,55.19333333333334,0,0,0,0,0,0,0,0,0
73128,Oklahoma City,OK,35.46117396192557,-97.63327091623272,12,139,15,605,0,0,0,0,0,0,11,83,7,26,0,0,0,0,2,14,0,0,0,0,2410,130227,7895,1444,63,10,503949,139639,57.94149377593361,12,139,28,702,7,26,0,0,914
73440,Lebanon,OK,33.98,-96.91,0,0,0,0,0,0,0,0,0,0,0,0,0,0,0,0,0,0,0,0,0,0,0,0,120,4310,306,0,0,0,12202,4616,38.46666666666667,0,0,0,0,0,0,0,0,0
73505,Lawton,OK,34.619982118641616,-98.44927134639073,35,812,34,1403,0,0,1,19,8,39,29,194,10,37,1,4,3,16,2,6,1,4,0,0,19670,916229,123845,5928,443,390,3357687,1046835,53.2198779867819,46,867,65,1603,11,41,2,23,2658
73570,Tipton,OK,34.5,-99.13,0,0,0,0,0,0,0,0,0,0,0,0,0,0,0,0,0,0,0,0,0,0,0,0,400,15694,1545,49,0,0,51494,17288,43.22,0,0,0,0,0,0,0,0,0
73722,Byron,OK,36.9002411660529,-98.35806947140335,0,0,0,0,0,0,0,0,0,0,0,0,0,0,0,0,0,0,0,0,0,0,0,0,180,12790,598,21,0,0,47885,13409,74.49444444444444,0,0,0,0,0,0,0,0,0
73742,Hennessey,OK,36.10597735560864,-97.89899700177942,2,9,2,7,0,0,0,0,0,0,0,0,0,0,0,0,0,0,0,0,0,0,0,0,1600,99842,3250,360,24,205,375338,103681,64.800625,2,9,2,7,0,0,0,0,20
73835,Camargo,OK,36.01,-99.28,0,0,0,0,0,0,0,0,0,0,0,0,0,0,0,0,0,0,0,0,0,0,0,0,110,5616,201,0,0,0,15661,5817,52.88181818181818,0,0,0,0,0,0,0,0,0
73841,Fort Supply,OK,36.57335884540621,-99.56969911026829,0,0,0,0,0,0,0,0,0,0,0,0,0,0,0,0,0,0,0,0,0,0,0,0,200,9176,1360,0,0,0,27890,10536,52.68,0,0,0,0,0,0,0,0,0
74115,Tulsa,OK,36.17141363144951,-95.90216740383086,27,359,7,363,1,15,1,6,3,10,4,11,5,15,0,0,0,0,1,1,0,0,0,0,8390,253193,10795,449,58,0,811577,264495,31.52502979737783,30,369,12,375,6,30,1,6,829
74131,Tulsa,OK,36.05,-96.07,0,0,0,0,0,0,0,0,0,0,0,0,0,0,0,0,0,0,0,0,0,0,0,0,1160,78021,4446,1053,24,35,326513,83579,72.05086206896551,0,0,0,0,0,0,0,0,0
74333,Bluejacket,OK,36.8,-95.07,0,0,0,0,0,0,0,0,0,0,0,0,0,0,0,0,0,0,0,0,0,0,0,0,420,17238,1783,40,0,0,55957,19061,45.38333333333333,0,0,0,0,0,0,0,0,0
74644,Marland,OK,36.56,-97.15,0,0,0,0,0,0,0,0,0,0,0,0,0,0,0,0,0,0,0,0,0,0,0,0,170,6732,318,0,0,0,21883,7050,41.470588235294116,0,0,0,0,0,0,0,0,0
74734,Eagletown,OK,34.03,-94.57,0,0,0,0,0,0,0,0,0,0,0,0,0,0,0,0,0,0,0,0,0,0,0,0,320,11161,520,0,0,0,37737,11681,36.503125,0,0,0,0,0,0,0,0,0
74764,Valliant,OK,34.002990999999994,-95.093100225,1,4,1,4,0,0,0,0,0,0,0,0,0,0,0,0,0,0,0,0,0,0,0,0,1250,58837,4418,150,18,0,216604,63423,50.7384,1,4,1,4,0,0,0,0,10
74827,Atwood,OK,34.95,-96.33,0,0,0,0,0,0,0,0,0,0,0,0,0,0,0,0,0,0,0,0,0,0,0,0,160,6546,559,0,0,0,21606,7105,44.40625,0,0,0,0,0,0,0,0,0
74864,Prague,OK,35.46280492761333,-96.68505205222557,2,9,3,66,0,0,0,0,0,0,0,0,0,0,0,0,0,0,0,0,0,0,0,0,2050,99096,10984,442,18,0,357628,110540,53.9219512195122,2,9,3,66,0,0,0,0,80
74881,Wellston,OK,35.685853966666656,-97.05698736666666,1,4,1,97,0,0,0,0,0,0,0,0,0,0,0,0,0,0,0,0,0,0,0,0,1870,82771,8385,410,41,0,294669,91607,48.98770053475936,1,4,1,97,0,0,0,0,103
74932,Cameron,OK,35.1943665902072,-94.4923492896928,0,0,0,0,0,0,0,0,0,0,0,0,0,0,0,0,0,0,0,0,0,0,0,0,790,31913,2814,92,0,0,109622,34819,44.074683544303795,0,0,0,0,0,0,0,0,0
74944,Mccurtain,OK,35.13,-95.02,0,0,0,0,0,0,0,0,0,0,0,0,0,0,0,0,0,0,0,0,0,0,0,0,340,12521,1316,18,0,0,42666,13855,40.75,0,0,0,0,0,0,0,0,0
74953,Poteau,OK,35.06996558106241,-94.62683731797428,11,85,5,79,0,0,0,0,1,4,0,0,0,0,0,0,0,0,0,0,0,0,0,0,4480,211517,19613,1149,107,99,801866,232485,51.893973214285715,12,89,5,79,0,0,0,0,185
97070,Wilsonville,OR,45.30916219241241,-122.7677664688826,26,1188,30,3278,0,0,0,0,4,34,25,512,6,115,2,10,0,0,3,23,0,0,2,17,12580,1160726,68543,27546,214,2548,5330802,1259577,100.12535771065184,30,1222,58,3813,6,115,4,27,5275
97106,Banks,OR,45.62750700121657,-123.12835818963457,3,63,3,86,0,0,0,0,1,2,1,4,0,0,0,0,0,0,0,0,0,0,0,0,2250,178555,10460,4180,19,97,794057,193311,85.916,4,65,4,90,0,0,0,0,163
97450,Langlois,OR,42.92642,-124.4505,1,61,0,0,0,0,0,0,0,0,0,0,0,0,0,0,0,0,0,0,0,0,0,0,300,14792,2284,164,0,0,54399,17240,57.46666666666667,1,61,0,0,0,0,0,0,62
97456,Monroe,OR,44.315631530006506,-123.29720417608952,1,17,0,0,1,15,0,0,0,0,0,0,0,0,0,0,0,0,0,0,0,0,0,0,1280,83600,7192,1066,13,122,345788,91993,71.86953125,1,17,0,0,1,15,0,0,34
97526,Grants Pass,OR,42.44632609629428,-123.32579349323588,40,1420,43,3752,0,0,0,0,12,93,30,197,13,65,0,0,5,31,4,43,4,24,0,0,14590,729543,87909,9654,156,631,2928993,827893,56.743865661411924,57,1544,77,3992,17,89,0,0,5776
97641,Christmas Valley,OR,43.23852308417963,-120.68892153888285,0,0,2,16,0,0,0,0,0,0,0,0,0,0,0,0,0,0,0,0,0,0,0,0,380,14402,1501,77,0,0,50141,15980,42.05263157894737,0,0,2,16,0,0,0,0,18
15017,Bridgeville,PA,40.362903350137984,-80.10921309491721,20,414,25,1678,0,0,0,0,7,42,20,106,4,25,2,11,0,0,2,13,1,7,1,5,8390,646159,42229,19428,82,535,2791230,708433,84.43778307508941,27,456,47,1797,5,32,3,16,2383
15022,Charleroi,PA,40.13717907696503,-79.90107309767534,5,49,8,199,0,0,0,0,0,0,1,4,0,0,0,0,0,0,0,0,0,0,0,0,4920,226434,26515,1600,22,58,787013,254629,51.75386178861789,5,49,9,203,0,0,0,0,266
15110,Duquesne,PA,40.381098458071385,-79.86026768963285,1,11,0,0,0,0,0,0,1,2,0,0,0,0,0,0,0,0,0,0,0,0,0,0,2240,59436,5762,120,0,0,186119,65318,29.15982142857143,2,13,0,0,0,0,0,0,15
15202,Avalon,PA,40.49802477390888,-80.06581191249309,20,488,10,460,1,35,0,0,3,45,8,56,0,0,0,0,2,4,2,8,0,0,0,0,10580,565752,32047,8902,57,338,2222369,607096,57.38147448015121,25,537,20,524,1,35,0,0,1142
15218,Pittsburgh,PA,40.426233662109155,-79.8902774403939,13,347,10,1133,0,0,0,0,7,34,6,55,2,14,0,0,2,5,0,0,0,0,0,0,7300,439838,24850,10315,82,211,1831245,475296,65.1090410958904,22,386,16,1188,2,14,0,0,1628
15322,Clarksville,PA,39.97,-80.04,0,0,0,0,0,0,0,0,0,0,0,0,0,0,0,0,0,0,0,0,0,0,0,0,870,42574,4978,299,0,0,144716,47851,55.00114942528736,0,0,0,0,0,0,0,0,0
15436,Fairchance,PA,39.82321775,-79.75498459999999,0,0,1,1,0,0,0,0,0,0,0,0,0,0,0,0,0,0,0,0,0,0,0,0,1230,53080,5012,253,0,0,179355,58345,47.4349593495935,0,0,1,1,0,0,0,0,2
15551,Markleton,PA,39.87,-79.29,0,0,0,0,0,0,0,0,0,0,0,0,0,0,0,0,0,0,0,0,0,0,0,0,330,14449,1490,45,0,0,47271,15984,48.43636363636364,0,0,0,0,0,0,0,0,0
15849,Penfield,PA,41.2117307197955,-78.57019533487309,0,0,1,9,0,0,0,0,0,0,0,0,0,0,0,0,0,0,0,0,0,0,0,0,650,25551,1826,81,0,0,84188,27458,42.24307692307692,0,0,1,9,0,0,0,0,10
15864,Summerville,PA,41.1,-79.2,0,0,0,0,0,0,0,0,0,0,0,0,0,0,0,0,0,0,0,0,0,0,0,0,870,38878,3743,175,0,0,129094,42796,49.190804597701145,0,0,0,0,0,0,0,0,0
15948,Revloc,PA,40.49,-78.76,0,0,0,0,0,0,0,0,0,0,0,0,0,0,0,0,0,0,0,0,0,0,0,0,290,11969,775,25,0,0,37952,12769,44.03103448275862,0,0,0,0,0,0,0,0,0
15949,Robinson,PA,40.41,-79.13,0,0,0,0,0,0,0,0,0,0,0,0,0,0,0,0,0,0,0,0,0,0,0,0,310,11934,1227,0,0,0,34827,13161,42.45483870967742,0,0,0,0,0,0,0,0,0
16030,Eau Claire,PA,41.13,-79.79,0,0,0,0,0,0,0,0,0,0,0,0,0,0,0,0,0,0,0,0,0,0,0,0,130,4962,318,0,0,0,13946,5280,40.615384615384606,0,0,0,0,0,0,0,0,0
16034,Fenelton,PA,40.852521676666896,-79.693766728773,1,3,0,0,0,0,0,0,0,0,1,3,0,0,0,0,0,0,0,0,0,0,0,0,870,47269,3480,463,0,0,168402,51212,58.864367816091956,1,3,1,3,0,0,0,0,8
16037,Harmony,PA,40.81645361132424,-80.1299199576172,5,124,6,522,1,11,0,0,0,0,3,13,0,0,0,0,0,0,0,0,0,0,0,0,2360,192190,11432,3885,9,123,835243,207639,87.98262711864406,5,124,9,535,1,11,0,0,685
16051,Portersville,PA,40.94598784854792,-80.14483657745411,3,56,0,0,0,0,0,0,0,0,0,0,0,0,0,0,0,0,0,0,0,0,0,0,1500,88846,5775,984,4,0,347352,95609,63.73933333333334,3,56,0,0,0,0,0,0,59
16055,Sarver,PA,40.713394797373105,-79.73863491767537,3,34,5,120,0,0,0,0,0,0,1,1,0,0,0,0,0,0,1,1,0,0,0,0,4240,305642,24292,6524,45,209,1264064,336712,79.4132075471698,3,34,7,122,0,0,0,0,166
16132,Hillsville,PA,41.0,-80.5,0,0,0,0,0,0,0,0,0,0,0,0,0,0,0,0,0,0,0,0,0,0,0,0,220,7569,451,0,0,0,22277,8020,36.45454545454545,0,0,0,0,0,0,0,0,0
16239,Marienville,PA,41.46729394457604,-79.12632078898237,1,4,1,6,0,0,0,0,0,0,0,0,0,0,0,0,0,0,0,0,0,0,0,0,690,29869,4151,151,0,0,97248,34171,49.5231884057971,1,4,1,6,0,0,0,0,12
16323,Franklin,PA,41.398583164436864,-79.82617806077572,4,35,8,114,0,0,0,0,1,1,2,3,0,0,0,0,0,0,0,0,0,0,0,0,7320,348861,46214,3147,50,93,1246948,398365,54.421448087431685,5,36,10,117,0,0,0,0,168
16415,Fairview,PA,42.03513657129793,-80.24163464295984,3,50,5,61,1,21,0,0,0,0,1,1,0,0,0,0,0,0,0,0,0,0,0,0,4650,441883,25861,10399,65,617,1986421,478825,102.97311827956987,3,50,6,62,1,21,0,0,143
16501,Erie,PA,42.12562150720017,-80.08307028937287,10,275,16,780,1,108,0,0,0,0,3,3,0,0,0,0,0,0,0,0,0,0,0,0,430,9028,485,0,0,0,29491,9513,22.12325581395349,10,275,19,783,1,108,0,0,1196
16647,Hesston,PA,40.39605308886855,-78.09313320630595,0,0,0,0,0,0,0,0,1,2,0,0,0,0,0,0,0,0,0,0,0,0,0,0,390,21123,2447,205,0,0,76657,23775,60.96153846153846,1,2,0,0,0,0,0,0,3
16661,Madera,PA,40.82,-78.44,0,0,0,0,0,0,0,0,0,0,0,0,0,0,0,0,0,0,0,0,0,0,0,0,410,17265,1382,47,0,0,55419,18694,45.59512195121951,0,0,0,0,0,0,0,0,0
16665,Newry,PA,40.3931489981605,-78.4362728156224,0,0,0,0,0,0,0,0,0,0,1,3,0,0,0,0,0,0,0,0,0,0,0,0,200,7821,549,0,0,0,25246,8370,41.85,0,0,1,3,0,0,0,0,4
16669,Petersburg,PA,40.6712753,-77.87437249999998,0,0,1,22,0,0,0,0,0,0,0,0,0,0,0,0,0,0,0,0,0,0,0,0,1030,49241,5331,396,0,0,173586,54968,53.366990291262134,0,0,1,22,0,0,0,0,23
16673,Roaring Spring,PA,40.33152009153442,-78.39185231844482,3,24,1,8,0,0,0,0,0,0,1,1,0,0,0,0,0,0,0,0,0,0,0,0,2560,126295,10540,968,0,0,439430,137803,53.829296875,3,24,2,9,0,0,0,0,38
16740,Mount Jewett,PA,41.7416799,-78.68350966666667,1,11,1,11,0,0,0,0,0,0,0,0,0,0,0,0,0,0,0,0,0,0,0,0,560,25202,2625,112,0,0,83737,27939,49.891071428571436,1,11,1,11,0,0,0,0,24
16936,Millerton,PA,41.98,-76.95,0,0,0,0,0,0,0,0,0,0,0,0,0,0,0,0,0,0,0,0,0,0,0,0,970,44937,4570,475,0,0,156663,49982,51.52783505154639,0,0,0,0,0,0,0,0,0
17052,Mapleton Depot,PA,40.408791,-77.936683,0,0,1,1,0,0,0,0,0,0,0,0,0,0,0,0,0,0,0,0,0,0,0,0,690,28825,3081,172,0,0,95300,32078,46.48985507246377,0,0,1,1,0,0,0,0,2
17058,Mifflin,PA,40.51,-77.55,0,0,0,0,0,0,0,0,0,0,0,0,0,0,0,0,0,0,0,0,0,0,0,0,840,33558,2383,208,0,0,114898,36149,43.03452380952381,0,0,0,0,0,0,0,0,0
17098,Williamstown,PA,40.58,-76.61,0,0,0,0,0,0,0,0,0,0,0,0,0,0,0,0,0,0,0,0,0,0,0,0,1110,47684,6601,200,0,0,152632,54485,49.08558558558558,0,0,0,0,0,0,0,0,0
17268,Waynesboro,PA,39.75282703014847,-77.56582720034109,13,195,12,295,1,18,0,0,4,5,8,22,1,1,0,0,0,0,0,0,0,0,0,0,14110,740802,81327,10752,133,372,2819906,833386,59.063501063075826,17,200,20,317,2,19,0,0,575
17365,Wellsville,PA,40.07081227914684,-76.92304870282709,1,6,2,22,0,0,0,0,0,0,1,3,0,0,0,0,0,0,0,0,0,0,0,0,1330,84394,7247,1768,2,0,340439,93411,70.23383458646616,1,6,3,25,0,0,0,0,35
17366,Windsor,PA,39.91508,-76.580412,1,8,0,0,0,0,0,0,0,0,0,0,0,0,0,0,0,0,0,0,0,0,0,0,2690,133413,8171,3239,17,0,512038,144840,53.843866171003725,1,8,0,0,0,0,0,0,9
17772,Turbotville,PA,41.109981,-76.76687133333333,2,4,0,0,0,0,0,0,0,0,0,0,0,0,0,0,0,0,0,0,0,0,0,0,1110,54059,4375,555,0,0,192107,58989,53.14324324324325,2,4,0,0,0,0,0,0,6
17812,Beaver Springs,PA,40.7485565653076,-77.20973297192384,0,0,1,2,0,0,0,0,0,0,0,0,0,0,0,0,0,0,0,0,0,0,0,0,720,28099,2512,202,0,0,93411,30813,42.79583333333333,0,0,1,2,0,0,0,0,3
17815,Bloomsburg,PA,41.01076951480624,-76.44862330392705,25,417,21,835,1,16,0,0,3,34,4,10,3,13,4,16,0,0,1,5,0,0,1,3,11790,677547,58021,8378,51,301,2658488,744298,63.12960135708227,28,451,26,850,4,29,5,19,1412
17846,Millville,PA,41.11820666666666,-76.52834,1,5,1,3,0,0,0,0,0,0,0,0,0,0,0,0,0,0,0,0,0,0,0,0,1720,89206,7668,1099,0,0,331825,97973,56.961046511627906,1,5,1,3,0,0,0,0,10
17878,Stillwater,PA,41.192,-76.30158,0,0,0,0,1,4,0,0,0,0,0,0,0,0,0,0,0,0,0,0,0,0,0,0,710,34620,3602,378,0,0,125225,38600,54.36619718309859,0,0,0,0,1,4,0,0,5
18103,Allentown,PA,40.57148049032999,-75.49483959889697,26,971,15,715,0,0,0,0,6,59,22,144,2,6,1,6,2,4,1,5,0,0,1,3,23890,1345592,95586,31310,369,1654,5584484,1474511,61.72084554206781,34,1034,38,864,2,6,2,9,1989
18428,Hawley,PA,41.436511725362145,-75.13754954667905,11,195,13,656,3,117,2,18,1,9,2,6,2,21,1,2,0,0,1,3,0,0,0,0,5650,332616,53206,7610,36,330,1324510,393798,69.6987610619469,12,204,16,665,5,138,3,20,1063
18451,Paupack,PA,41.395282099955296,-75.243994984314,0,0,1,17,0,0,0,0,0,0,0,0,0,0,0,0,0,0,0,0,0,0,0,0,240,18451,1574,472,0,0,77673,20497,85.40416666666667,0,0,1,17,0,0,0,0,18
18517,Taylor,PA,41.382740100843975,-75.71281880087724,1,14,3,23,0,0,0,0,0,0,1,4,0,0,0,0,0,0,1,1,0,0,0,0,2580,106177,10133,878,2,0,365001,117190,45.42248062015504,1,14,5,28,0,0,0,0,48
18519,Dickson City,PA,41.462220428782814,-75.6368320003158,6,70,20,837,0,0,0,0,3,23,19,107,7,27,0,0,0,0,1,8,0,0,0,0,2720,119192,8424,1092,3,0,424851,128711,47.320220588235294,9,93,40,952,7,27,0,0,1128
18801,Montrose,PA,41.83064486750028,-75.87117144319446,2,11,2,30,0,0,0,0,0,0,0,0,0,0,0,0,0,0,0,0,0,0,0,0,3950,212613,21700,2361,10,169,777265,236853,59.96278481012658,2,11,2,30,0,0,0,0,45
18833,New Albany,PA,41.6,-76.44,0,0,0,0,0,0,0,0,0,0,0,0,0,0,0,0,0,0,0,0,0,0,0,0,940,42139,4431,404,0,0,143722,46974,49.97234042553192,0,0,0,0,0,0,0,0,0
18976,Warrington,PA,40.23598893099364,-75.13649002811681,13,282,23,1697,2,232,0,0,3,21,25,210,7,72,2,11,2,13,0,0,0,0,0,0,10870,988462,65211,31672,155,722,4455049,1086222,99.92842686292549,18,316,48,1907,9,304,2,11,2615
19004,Bala Cynwyd,PA,40.00629957531074,-75.22914075389416,9,320,17,1364,3,199,1,66,2,4,11,130,3,46,4,70,1,4,3,22,1,3,1,4,5120,814557,33574,24004,68,2395,4054534,874598,170.819921875,12,328,31,1516,7,248,6,140,2288
19046,Jenkintown,PA,40.095604785166366,-75.12146822387429,12,590,22,1878,1,52,0,0,1,5,26,229,11,111,1,9,2,63,6,56,0,0,1,9,9790,1413012,65098,41608,227,6105,6942558,1526050,155.8784473953013,15,658,54,2163,12,163,2,18,3085
19150,Philadelphia,PA,40.073269179586696,-75.16476631872312,13,235,12,246,0,0,0,0,1,3,6,157,1,3,0,0,1,1,2,15,1,3,0,0,12050,512829,83562,6947,773,0,1963081,604111,50.13369294605809,15,239,20,418,2,6,0,0,700
19330,Cochranville,PA,39.8914100577519,-75.92150520206866,1,13,0,0,0,0,0,0,0,0,0,0,1,5,0,0,0,0,0,0,0,0,0,0,2660,201466,14341,7124,13,145,882673,223089,83.86804511278196,1,13,0,0,1,5,0,0,20
19342,Glen Mills,PA,39.87943543545568,-75.5328924012416,11,430,33,3056,1,126,0,0,2,11,25,581,13,50,2,10,1,9,2,18,1,3,0,0,9710,1145733,86562,37286,202,1138,5352381,1270921,130.88784757981463,14,450,60,3655,15,179,2,10,4385
19343,Glenmoore,PA,40.10212994,-75.72257929999998,2,18,1,62,0,0,0,0,0,0,1,1,0,0,1,1,0,0,0,0,0,0,0,0,4040,525364,18291,15554,51,1140,2495003,560400,138.7128712871287,2,18,2,63,0,0,1,1,87
19344,Honey Brook,PA,40.086135046366365,-75.89958524260659,5,93,2,93,0,0,0,0,1,3,0,0,0,0,0,0,0,0,1,3,0,0,0,0,5910,351977,26563,9163,33,122,1430430,387858,65.62741116751269,6,96,3,96,0,0,0,0,201
19406,King of Prussia,PA,40.09042762276941,-75.38318786534603,37,1235,39,6194,8,1375,1,129,6,24,35,416,24,147,4,36,6,95,7,107,4,188,1,24,12600,1135538,54791,17837,197,920,4999826,1209283,95.97484126984126,49,1354,81,6717,36,1710,6,189,10142
02813,Charlestown,RI,41.38665890467875,-71.64594896108385,3,154,16,821,0,0,1,284,2,4,5,109,4,38,1,3,1,2,0,0,1,3,0,0,4080,326448,29854,7482,503,199,1411746,364486,89.33480392156862,6,160,21,930,5,41,2,287,1452
02818,East Greenwich,RI,41.653406841204855,-71.4658314338237,9,209,42,3978,2,307,0,0,2,10,21,160,8,36,3,11,1,4,4,19,3,10,0,0,9790,1330481,68713,46546,2207,2598,6520172,1450545,148.16598569969358,12,223,67,4157,13,353,3,11,4839
02857,North Scituate,RI,41.84286911880168,-71.59588268073057,6,130,5,216,0,0,0,0,1,5,7,37,0,0,0,0,0,0,0,0,0,0,0,0,4560,350069,29035,11336,1003,120,1541863,391563,85.86907894736842,7,135,12,253,0,0,0,0,407
02895,Woonsocket,RI,42.0048242793729,-71.50321693304491,33,814,24,1228,1,20,0,0,10,69,14,78,4,18,1,4,3,20,4,30,0,0,0,0,18980,770664,44059,12429,2294,60,2860080,829506,43.70421496311907,46,903,42,1336,5,38,1,4,2375
29072,Lexington,SC,33.992299310592564,-81.22699234055965,36,796,45,2137,2,36,0,0,7,8,39,178,10,50,2,16,2,4,3,28,0,0,1,6,26670,2212103,160009,25326,9782,1596,9764369,2408816,90.31931008623924,45,808,87,2343,12,86,3,22,3406
29113,Norway,SC,33.44,-81.12,0,0,0,0,0,0,0,0,0,0,0,0,0,0,0,0,0,0,0,0,0,0,0,0,590,24423,2162,138,68,0,85603,26791,45.40847457627119,0,0,0,0,0,0,0,0,0
29172,West Columbia,SC,33.92132960430863,-81.07290439729702,2,25,3,33,0,0,0,0,0,0,0,0,0,0,0,0,1,1,0,0,0,0,0,0,3970,164513,15304,852,353,0,601480,181022,45.59748110831234,3,26,3,33,0,0,0,0,65
29403,Charleston,SC,32.790848090070575,-79.94142571843143,19,2687,53,13950,6,1587,2,1588,4,40,15,206,11,81,1,1,1,2,3,74,1,8,0,0,9190,537574,20332,4701,550,1064,2334549,564221,61.395103373231784,24,2729,71,14230,18,1676,3,1589,20340
29543,Fork,SC,34.28,-79.27,0,0,0,0,0,0,0,0,0,0,0,0,0,0,0,0,0,0,0,0,0,0,0,0,200,8290,930,17,10,0,27190,9247,46.235,0,0,0,0,0,0,0,0,0
29574,Mullins,SC,34.20247676838491,-79.2640529280284,6,57,1,1,0,0,0,0,0,0,1,1,0,0,0,0,0,0,0,0,0,0,0,0,4520,148847,14803,724,343,0,539181,164717,36.441814159292036,6,57,2,2,0,0,0,0,67
29607,Greenville,SC,34.82726159338016,-82.31730207820284,18,565,28,2969,0,0,0,0,3,18,24,259,8,55,0,0,1,1,6,46,3,53,1,4,19340,1378009,58711,13787,2850,2874,6029683,1456231,75.29632885211996,22,584,58,3274,11,108,1,4,4062
29834,Langley,SC,33.51,-81.86,0,0,0,0,0,0,0,0,0,0,0,0,0,0,0,0,0,0,0,0,0,0,0,0,360,13956,1535,31,20,0,47017,15542,43.172222222222224,0,0,0,0,0,0,0,0,0
29845,Plum Branch,SC,33.7827921182309,-82.25643301374609,1,2,0,0,0,0,0,0,0,0,0,0,0,0,0,0,0,0,0,0,0,0,0,0,490,18039,2894,81,29,0,59591,21043,42.94489795918367,1,2,0,0,0,0,0,0,3
29936,Ridgeland,SC,32.44373836656584,-80.96423787954829,10,364,6,78,0,0,0,0,1,3,2,3,1,5,0,0,0,0,0,0,0,0,0,0,5400,207380,17269,1599,531,28,775881,226807,42.001296296296296,11,367,8,81,1,5,0,0,473
57266,Summit,SD,45.1810951,-97.1027832,0,0,0,0,0,0,0,0,0,0,0,0,0,0,0,0,0,0,0,0,0,0,0,0,260,11890,170,0,0,0,35190,12060,46.384615384615394,0,0,0,0,0,0,0,0,0
57268,Toronto,SD,44.56458,-96.64257,0,0,0,0,0,0,0,0,0,0,0,0,0,0,0,0,0,0,0,0,0,0,0,0,190,11434,273,0,0,0,33745,11707,61.61578947368422,0,0,0,0,0,0,0,0,0
57317,Bonesteel,SD,43.07,-98.94,0,0,0,0,0,0,0,0,0,0,0,0,0,0,0,0,0,0,0,0,0,0,0,0,200,10120,542,0,0,0,28044,10662,53.31,0,0,0,0,0,0,0,0,0
57328,Corsica,SD,43.42,-98.4,0,0,0,0,0,0,0,0,0,0,0,0,0,0,0,0,0,0,0,0,0,0,0,0,490,26567,1065,36,0,0,89757,27668,56.46530612244898,0,0,0,0,0,0,0,0,0
57384,Wolsey,SD,44.4057832,-98.4751049,0,0,0,0,0,0,0,0,0,0,0,0,0,0,0,0,0,0,0,0,0,0,0,0,400,22166,665,62,0,0,72472,22893,57.2325,0,0,0,0,0,0,0,0,0
57456,Leola,SD,45.72,-98.93,0,0,0,0,0,0,0,0,0,0,0,0,0,0,0,0,0,0,0,0,0,0,0,0,330,18117,859,0,0,0,57174,18976,57.5030303030303,0,0,0,0,0,0,0,0,0
57472,Selby,SD,45.52067413146975,-100.0555059020995,1,2,0,0,0,0,0,0,0,0,0,0,0,0,0,0,0,0,0,0,0,0,0,0,450,33730,1511,44,0,20,122743,35305,78.45555555555555,1,2,0,0,0,0,0,0,3
57632,Herreid,SD,45.8376251243735,-100.068877817535,0,0,0,0,0,0,0,0,0,0,0,0,0,0,0,0,0,0,0,0,0,0,0,0,300,16119,827,29,0,0,53136,16975,56.58333333333334,0,0,0,0,0,0,0,0,0
57759,Nemo,SD,44.2235484413618,-103.51743946534401,0,0,1,7,0,0,0,0,0,0,0,0,0,0,0,0,0,0,0,0,0,0,0,0,210,15512,2400,225,0,0,53415,18137,86.36666666666666,0,0,1,7,0,0,0,0,8
57760,Newell,SD,44.7140835,-103.425239,0,0,0,0,0,0,0,0,0,0,0,0,0,0,0,0,0,0,0,0,0,0,0,0,500,22085,1780,44,0,0,69586,23909,47.818000000000005,0,0,0,0,0,0,0,0,0
57762,Nisland,SD,44.67,-103.55,0,0,0,0,0,0,0,0,0,0,0,0,0,0,0,0,0,0,0,0,0,0,0,0,220,7350,440,0,0,0,21258,7790,35.40909090909091,0,0,0,0,0,0,0,0,0
57785,Sturgis,SD,44.41074469397547,-103.51419125203178,6,74,6,186,0,0,0,0,1,1,1,1,0,0,0,0,0,0,0,0,0,0,0,0,4530,248053,26091,2761,94,121,911019,277120,61.17439293598234,7,75,7,187,0,0,0,0,276
37062,Fairview,TN,35.981885920082604,-87.12858318376871,8,126,4,58,0,0,1,7,3,9,3,6,0,0,0,0,0,0,0,0,1,3,0,0,5300,317317,18277,2446,80,241,1215280,338361,63.84169811320755,11,135,7,64,1,3,1,7,229
37064,Franklin,TN,35.915671474279534,-86.88039243490948,33,1823,38,3381,2,522,0,0,6,80,37,233,24,121,2,34,2,6,4,19,2,14,1,8,26360,2893272,133376,34707,586,5987,13089810,3067928,116.38573596358118,41,1909,79,3633,28,657,3,42,6392
37079,Indian Mound,TN,36.5556,-87.70659,0,0,0,0,0,0,0,0,0,0,0,0,0,0,0,0,0,0,0,0,0,0,0,0,1070,46797,6782,198,0,0,152592,53777,50.2588785046729,0,0,0,0,0,0,0,0,0
37148,Portland,TN,36.57728907638907,-86.52848041488869,14,142,3,40,0,0,0,0,2,3,2,4,0,0,0,0,0,0,0,0,0,0,0,0,10680,599336,31409,2431,117,1161,2176419,634454,59.40580524344569,16,145,5,44,0,0,0,0,210
37306,Belvidere,TN,35.109377,-86.211977,1,8,0,0,0,0,0,0,0,0,0,0,0,0,0,0,0,0,0,0,0,0,0,0,1150,56694,3839,196,0,0,192111,60729,52.80782608695653,1,8,0,0,0,0,0,0,9
37727,Del Rio,TN,35.91,-83.02,0,0,0,0,0,0,0,0,0,0,0,0,0,0,0,0,0,0,0,0,0,0,0,0,840,31342,3988,118,0,0,100593,35448,42.2,0,0,0,0,0,0,0,0,0
37731,Eidson,TN,36.5,-83.08,0,0,0,0,0,0,0,0,0,0,0,0,0,0,0,0,0,0,0,0,0,0,0,0,240,8980,643,0,0,0,25754,9623,40.09583333333333,0,0,0,0,0,0,0,0,0
37756,Huntsville,TN,36.40356233333333,-84.491872,0,0,0,0,0,0,0,0,0,0,0,0,0,0,0,0,0,0,0,0,0,0,0,0,1030,36981,2068,49,0,0,119093,39098,37.95922330097088,0,0,0,0,0,0,0,0,0
37760,Jefferson City,TN,36.11882475640998,-83.4808284545355,18,176,4,65,0,0,0,0,1,4,3,4,0,0,2,3,0,0,1,1,0,0,1,2,5210,237699,19343,1311,51,63,863881,258467,49.60978886756238,19,180,8,70,0,0,3,5,285
37873,Surgoinsville,TN,36.485053,-82.8478818,0,0,0,0,0,0,0,0,0,0,0,0,0,0,0,0,0,0,0,0,0,0,0,0,1620,65198,7528,266,3,0,213130,72995,45.05864197530864,0,0,0,0,0,0,0,0,0
37920,Knoxville,TN,35.937097344336976,-83.89976272633528,22,234,8,361,0,0,0,0,4,17,14,65,2,4,2,6,0,0,2,5,0,0,0,0,17260,865700,68009,4460,109,556,3235263,938834,54.393626882966394,26,251,24,431,2,4,2,6,746
38011,Brighton,TN,35.48502,-89.72242,1,14,0,0,0,0,0,0,1,3,0,0,0,0,0,0,0,0,0,0,0,0,0,0,4200,215688,19996,1073,66,9,789103,236832,56.38857142857143,2,17,0,0,0,0,0,0,19
38049,Mason,TN,35.38677357669225,-89.54140575474251,2,93,2,16,0,0,0,0,0,0,0,0,0,0,0,0,0,0,0,0,0,0,0,0,1780,78795,7476,332,27,0,289587,86630,48.66853932584269,2,93,2,16,0,0,0,0,113
38112,Memphis,TN,35.14577722034715,-89.97614878654267,7,279,6,662,1,68,0,0,0,0,8,155,5,18,0,0,1,2,4,53,2,13,0,0,6690,357904,19273,5434,130,407,1501268,383148,57.271748878923766,8,281,18,870,8,99,0,0,1284
38241,Palmersville,TN,36.402595520019496,-88.5865020751953,0,0,0,0,0,0,0,0,0,0,0,0,0,0,0,0,0,0,0,0,0,0,0,0,320,11844,934,0,0,0,34330,12778,39.93125,0,0,0,0,0,0,0,0,0
38355,Medina,TN,35.800498783725864,-88.78027681372683,1,7,0,0,0,0,0,0,0,0,0,0,0,0,0,0,0,0,0,0,0,0,0,0,2900,182570,8660,1266,40,38,689758,192574,66.40482758620689,1,7,0,0,0,0,0,0,8
38506,Algood,TN,36.17902804605034,-85.45677751536459,4,23,1,25,0,0,0,0,1,2,8,22,1,2,0,0,0,0,0,0,0,0,0,0,12310,690039,56508,4347,66,449,2647120,751409,61.040536149471976,5,25,9,47,1,2,0,0,89
38569,Lancaster,TN,36.0775795,-85.86357120000002,0,0,0,0,0,0,0,0,0,0,0,0,0,0,0,0,0,0,0,0,0,0,0,0,160,12131,745,41,0,0,39454,12917,80.73125,0,0,0,0,0,0,0,0,0
75092,Sherman,TX,33.65315598417202,-96.62245092031428,11,494,6,233,0,0,0,0,4,12,8,37,1,11,1,3,0,0,0,0,0,0,0,0,11040,667870,47063,9017,214,652,2572646,724816,65.6536231884058,15,506,14,270,1,11,1,3,821
75215,Dallas,TX,32.76838144926846,-96.78325923978107,16,846,11,1577,0,0,0,0,2,7,2,10,1,68,0,0,1,5,0,0,0,0,0,0,7080,239822,8065,1413,123,25,852412,249448,35.23276836158192,19,858,13,1587,1,68,0,0,2546
75234,Dallas,TX,32.924204371616504,-96.88344490815723,40,1481,12,505,0,0,0,0,8,117,21,320,4,14,0,0,3,29,4,30,1,5,0,0,15640,926494,38954,14797,337,1863,3696672,982445,62.816176470588225,51,1627,37,855,5,19,0,0,2594
75254,Dallas,TX,32.950378255763205,-96.8147958571904,30,3096,40,11853,5,1479,0,0,5,67,28,539,6,201,0,0,0,0,4,101,2,32,1,18,11940,1008456,17973,17432,362,3812,4492132,1048035,87.7751256281407,35,3163,72,12493,13,1712,1,18,17507
75477,Roxton,TX,33.54,-95.72,0,0,0,0,0,0,0,0,0,0,0,0,0,0,0,0,0,0,0,0,0,0,0,0,370,13890,1592,42,0,0,45073,15524,41.95675675675675,0,0,0,0,0,0,0,0,0
75490,Trenton,TX,33.4462497842246,-96.3139885265156,0,0,0,0,0,0,0,0,0,0,0,0,1,2,0,0,0,0,0,0,0,0,0,0,1090,64879,4480,903,6,0,242640,70268,64.46605504587156,0,0,0,0,1,2,0,0,3
75762,Flint (Noonday),TX,32.198562735971144,-95.40704099461924,3,60,2,99,0,0,0,0,0,0,1,4,0,0,1,3,0,0,0,0,0,0,0,0,6080,423832,32296,7575,195,338,1713604,464236,76.35460526315791,3,60,3,103,0,0,1,3,173
75840,Fairfield,TX,31.714094953349317,-96.16562133747192,13,230,3,185,0,0,0,0,0,0,1,8,0,0,0,0,0,0,0,0,0,0,0,0,3160,176225,14625,1660,38,66,656399,192614,60.95379746835442,13,230,4,193,0,0,0,0,440
75845,Groveton,TX,31.0538469,-95.1236145,0,0,0,0,0,0,0,0,1,2,0,0,0,0,0,0,0,0,0,0,0,0,0,0,1090,46135,5438,227,6,0,158133,51806,47.528440366972475,1,2,0,0,0,0,0,0,3
75850,Leona,TX,31.15368052320095,-95.9683005981162,1,39,1,56,0,0,0,0,0,0,0,0,0,0,0,0,0,0,0,0,0,0,0,0,200,9638,1656,66,0,0,31900,11360,56.8,1,39,1,56,0,0,0,0,97
75980,Zavalla,TX,31.186292930590266,-94.35912261172513,0,0,1,2,0,0,0,0,0,0,0,0,0,0,0,0,0,0,0,0,0,0,0,0,940,49261,5956,300,10,0,170978,55527,59.07127659574468,0,0,1,2,0,0,0,0,3
76011,Arlington,TX,32.75505703972271,-97.08993299868584,35,1656,33,4237,1,146,0,0,10,149,31,278,6,45,3,29,5,59,3,7,1,3,1,8,10670,436833,18504,3726,187,391,1656697,459641,43.07788191190253,50,1864,67,4522,8,194,4,37,6746
76031,Cleburne,TX,32.34777137118721,-97.38668159616111,7,113,0,0,1,7,0,0,1,11,1,5,2,4,0,0,0,0,0,0,0,0,0,0,6840,308474,19943,3500,203,89,1131393,332209,48.56856725146199,8,124,1,5,3,11,0,0,152
76040,Euless,TX,32.83064644362463,-97.09941154128452,22,925,7,756,0,0,0,0,3,31,10,108,1,5,0,0,1,5,1,2,1,5,0,0,14030,658938,29363,9072,405,60,2472346,697838,49.73898788310761,26,961,18,866,2,10,0,0,1883
76123,Fort Worth,TX,32.622777109586025,-97.38986420566084,8,189,0,0,0,0,0,0,1,7,2,6,0,0,0,0,0,0,0,0,1,5,0,0,15060,817217,59433,17345,850,105,3211980,894950,59.42563081009296,9,196,2,6,1,5,0,0,219
76133,Fort Worth,TX,32.65064418696321,-97.37092170143214,39,1133,12,634,1,10,0,0,9,39,15,105,2,4,1,10,2,9,3,17,1,3,0,0,23070,1051143,100728,11412,667,288,3806820,1164238,50.4654529692241,50,1181,30,756,4,17,1,10,2049
76247,Justin,TX,33.08370270916511,-97.29342548128,7,233,4,203,0,0,0,0,0,0,5,41,0,0,0,0,0,0,0,0,0,0,0,0,6820,460163,23247,8628,253,160,1831693,492451,72.20689149560117,7,233,9,244,0,0,0,0,493
76457,Hico,TX,31.98260316387996,-98.03186979181764,2,54,5,305,0,0,0,0,2,14,4,53,0,0,0,0,0,0,0,0,0,0,0,0,1490,86040,8583,800,10,89,322476,95522,64.10872483221476,4,68,9,358,0,0,0,0,439
76466,Olden,TX,32.42,-98.73,0,0,0,0,0,0,0,0,0,0,0,0,0,0,0,0,0,0,0,0,0,0,0,0,100,4365,479,0,0,0,12089,4844,48.44,0,0,0,0,0,0,0,0,0
76569,Rogers,TX,30.9324019,-97.2282468,1,1,0,0,0,0,0,0,0,0,1,1,0,0,0,0,0,0,0,0,0,0,0,0,1120,53292,4988,458,0,0,190285,58738,52.44464285714286,1,1,1,1,0,0,0,0,4
76627,Blum,TX,32.1433038403314,-97.39944532881952,1,5,0,0,0,0,0,0,0,0,0,0,1,14,0,0,0,0,0,0,1,14,0,0,610,29382,1944,250,0,0,101349,31576,51.763934426229504,1,5,0,0,2,28,0,0,36
76665,Meridian,TX,31.909289431190423,-97.63985281048477,4,56,4,102,1,3,0,0,0,0,0,0,0,0,0,0,0,0,0,0,0,0,0,0,980,53000,6886,450,0,0,192578,60336,61.56734693877551,4,56,4,102,1,3,0,0,170
76701,Waco,TX,31.554064749703574,-97.13339856533504,18,1351,17,1956,2,305,0,0,5,34,16,228,1,4,0,0,0,0,3,25,0,0,0,0,690,37192,667,281,0,0,144564,38140,55.27536231884058,23,1385,36,2209,3,309,0,0,3965
77008,Houston,TX,29.802677479627466,-95.41102319824377,34,3931,42,12156,2,498,0,0,11,325,57,1301,10,108,2,10,7,148,4,142,2,19,1,13,17370,2207666,45290,65016,656,2214,10104076,2320842,133.61208981001727,52,4404,103,13599,14,625,3,23,18823
77009,Houston,TX,29.795916984681323,-95.37155807768198,31,1884,24,3606,0,0,0,0,8,125,12,155,3,16,2,20,2,134,1,20,0,0,1,13,16550,1101660,32369,25110,639,604,4629504,1160382,70.1137160120846,41,2143,37,3781,3,16,3,33,6057
77059,Houston,TX,29.612642587958078,-95.13113079756347,3,69,2,97,0,0,0,0,0,0,3,10,1,7,0,0,0,0,0,0,0,0,0,0,7800,1074650,59493,29266,417,1532,4893843,1165358,149.40487179487178,3,69,5,107,1,7,0,0,192
77090,Houston,TX,30.00678010336175,-95.43822580948348,34,945,37,3448,0,0,0,0,9,54,36,360,5,62,1,4,4,23,3,18,0,0,0,0,16570,572596,25281,5211,557,44,2067882,603689,36.432649366324675,47,1022,76,3826,5,62,1,4,5043
77316,Montgomery,TX,30.341908678813876,-95.65153761249552,2,21,3,195,0,0,0,0,2,6,1,3,0,0,0,0,1,3,0,0,0,0,0,0,10410,1076260,57968,35252,453,981,4814238,1170914,112.47973102785782,5,30,4,198,0,0,0,0,237
77334,Dodge,TX,30.78,-95.37,0,0,0,0,0,0,0,0,0,0,0,0,0,0,0,0,0,0,0,0,0,0,0,0,200,9789,1432,0,0,0,31718,11221,56.105,0,0,0,0,0,0,0,0,0
77401,Bellaire,TX,29.70661433263936,-95.46962975968441,14,1178,20,2849,1,154,0,0,8,33,11,129,2,8,3,19,2,15,5,26,0,0,1,3,6700,1845209,34384,63955,364,5872,9337384,1949784,291.01253731343286,24,1226,36,3004,3,162,4,22,4481
77433,Cypress,TX,29.935616864317595,-95.69622654100641,13,910,23,2625,0,0,0,0,2,16,15,209,1,6,0,0,3,19,3,28,1,6,0,0,36050,3296203,114442,118060,2619,2064,14526201,3533388,98.01353675450764,18,945,41,2862,2,12,0,0,3880
77476,Simonton,TX,29.677154036946806,-96.0040513377563,0,0,1,22,0,0,0,0,0,0,1,49,0,0,0,0,0,0,0,0,0,0,0,0,410,33328,1941,826,0,0,143707,36095,88.03658536585365,0,0,2,71,0,0,0,0,73
77510,Santa Fe,TX,29.378654387663712,-95.09131239131321,11,105,4,137,0,0,0,0,4,11,2,6,0,0,1,5,0,0,0,0,0,0,0,0,6520,439805,34836,6984,257,664,1707150,482546,74.0101226993865,15,116,6,143,0,0,1,5,286
77541,Freeport,TX,28.96561439274611,-95.34130055058712,18,307,15,716,0,0,0,0,3,14,0,0,0,0,0,0,0,0,0,0,0,0,0,0,6870,321231,18485,2453,953,25,1190514,343147,49.9486171761281,21,321,15,716,0,0,0,0,1073
77547,Galena Park,TX,29.73386732824645,-95.23922780124686,7,48,0,0,0,0,0,0,0,0,0,0,0,0,0,0,0,0,0,0,0,0,0,0,4030,143379,5874,611,147,0,482981,150011,37.22357320099256,7,48,0,0,0,0,0,0,55
77612,Buna,TX,30.44817808777929,-93.96672358180024,5,8,0,0,0,0,0,0,0,0,1,1,0,0,0,0,0,0,0,0,0,0,0,0,3560,209083,15419,1610,117,0,781424,226229,63.547471910112364,5,8,1,1,0,0,0,0,15
77640,Port Arthur,TX,29.923353391593317,-93.97785829623614,10,129,11,283,0,0,0,0,2,10,5,12,3,9,1,3,0,0,1,3,0,0,0,0,6780,269179,20348,2020,313,33,975427,291893,43.052064896755155,12,139,17,298,3,9,1,3,482
78009,Castroville,TX,29.356040660116054,-98.87648380851046,6,88,9,372,0,0,0,0,0,0,8,24,0,0,0,0,0,0,0,0,0,0,0,0,3890,246987,27441,4677,121,116,954254,279342,71.81028277634961,6,88,17,396,0,0,0,0,507
78010,Center Point,TX,29.93751968097856,-99.05315048843971,2,14,2,70,0,0,0,0,0,0,0,0,0,0,0,0,0,0,0,0,0,0,0,0,1410,79348,9552,954,7,191,302857,90052,63.86666666666667,2,14,2,70,0,0,0,0,88
78056,Mico,TX,29.550890517385568,-98.9126742583495,0,0,1,2,0,0,0,0,0,0,0,0,0,0,0,0,0,0,0,0,0,0,0,0,920,85126,10797,2572,73,11,357026,98579,107.15108695652174,0,0,1,2,0,0,0,0,3
78066,Rio Medina,TX,29.5,-98.85,0,0,0,0,0,0,0,0,0,0,0,0,0,0,0,0,0,0,0,0,0,0,0,0,310,26621,3028,508,0,0,100944,30157,97.28064516129032,0,0,0,0,0,0,0,0,0
78104,Beeville,TX,28.52,-97.76,0,0,0,0,0,0,0,0,0,0,0,0,0,0,0,0,0,0,0,0,0,0,0,0,890,52063,4296,520,4,126,197731,57009,64.05505617977529,0,0,0,0,0,0,0,0,0
78116,Gillett,TX,29.13,-97.8,0,0,0,0,0,0,0,0,0,0,0,0,0,0,0,0,0,0,0,0,0,0,0,0,140,28615,635,0,0,0,100092,29250,208.92857142857144,0,0,0,0,0,0,0,0,0
78160,Stockdale,TX,29.232736803571964,-97.95814111054028,2,14,1,6,0,0,0,0,0,0,0,0,0,0,0,0,0,0,0,0,0,0,0,0,1750,97091,8774,912,15,0,346064,106792,61.023999999999994,2,14,1,6,0,0,0,0,23
78229,San Antonio,TX,29.50715362217621,-98.5697321352835,49,4032,26,3331,1,148,0,0,8,95,33,524,4,64,3,33,2,43,2,6,1,5,0,0,14140,597750,41232,5971,290,500,2182242,645743,45.66782178217822,59,4170,61,3861,6,217,3,33,8410
78254,San Antonio,TX,29.520039113293862,-98.695719357643,11,263,10,1331,0,0,0,0,8,26,5,47,1,6,0,0,1,2,1,28,0,0,0,0,27040,1609001,126922,37666,1359,202,6223702,1775150,65.64903846153847,20,291,16,1406,1,6,0,0,1740
78256,San Antonio,TX,29.597072901733483,-98.61390977054529,5,117,16,3951,6,797,0,0,3,15,13,82,17,160,4,69,1,2,0,0,1,10,1,3,4440,510642,23825,14119,198,518,2252208,549302,123.71666666666668,9,134,29,4033,24,967,5,72,5273
78335,Aransas Pass,TX,27.87,-97.09,0,0,0,0,0,0,0,0,0,0,0,0,0,0,0,0,0,0,0,0,0,0,0,0,700,33814,3224,339,0,0,121497,37377,53.39571428571429,0,0,0,0,0,0,0,0,0
78341,Benavides,TX,27.63,-98.5,0,0,0,0,0,0,0,0,0,0,0,0,0,0,0,0,0,0,0,0,0,0,0,0,630,22723,3221,81,0,0,75137,26025,41.30952380952381,0,0,0,0,0,0,0,0,0
78606,Blanco,TX,30.092325369415413,-98.41923680035664,7,271,5,472,1,5,0,0,3,12,6,20,0,0,0,0,0,0,0,0,0,0,0,0,2690,223657,21256,3549,64,383,900821,248909,92.53122676579927,10,283,11,492,1,5,0,0,802
78626,Georgetown,TX,30.64063467972861,-97.6796655158647,29,1313,22,4234,0,0,0,0,8,37,27,393,10,61,3,29,1,26,3,47,1,5,1,6,13440,798599,48042,17378,379,511,3132193,864909,64.35334821428572,38,1376,52,4674,11,66,4,35,6256
78757,Austin,TX,30.35615199988664,-97.7331433721558,41,7624,29,9322,2,1623,0,0,12,340,50,2720,16,635,1,17,6,501,10,372,5,173,0,0,11890,991079,50245,29769,320,1366,4243786,1072779,90.22531539108496,59,8465,89,12414,23,2431,1,17,23499
78877,Quemado,TX,28.95,-100.63,0,0,0,0,0,0,0,0,0,0,0,0,0,0,0,0,0,0,0,0,0,0,0,0,330,12811,1035,69,0,0,42502,13915,42.16666666666666,0,0,0,0,0,0,0,0,0
79001,Adrian,TX,35.270300825263796,-102.66980657006,1,57,0,0,0,0,0,0,1,57,0,0,0,0,0,0,0,0,0,0,0,0,0,0,130,5870,0,0,0,0,16213,5870,45.153846153846146,2,114,0,0,0,0,0,0,116
79036,Fritch,TX,35.64070846898275,-101.6009982514815,1,4,2,7,0,0,0,0,0,0,0,0,0,0,0,0,0,0,0,0,0,0,0,0,2020,124097,9404,448,24,0,433582,133973,66.32326732673269,1,4,2,7,0,0,0,0,14
79261,Turkey,TX,34.392695,-100.897226,1,13,0,0,0,0,0,0,0,0,0,0,0,0,0,0,0,0,0,0,0,0,0,0,180,5933,631,0,0,0,16364,6564,36.46666666666667,1,13,0,0,0,0,0,0,14
79359,Seagraves,TX,32.9399516,-102.5625503,1,3,0,0,0,0,0,0,0,0,0,0,0,0,0,0,0,0,0,0,0,0,0,0,1150,54037,2334,214,14,0,188500,56599,49.21652173913044,1,3,0,0,0,0,0,0,4
79567,Winters,TX,31.96008375,-99.9627951,1,4,1,3,0,0,0,0,0,0,0,0,0,0,0,0,0,0,0,0,0,0,0,0,1290,51951,4815,212,0,0,174699,56978,44.16899224806202,1,4,1,3,0,0,0,0,9
79602,Abilene,TX,32.41497894300573,-99.7220633379586,9,159,6,330,1,144,0,0,2,4,8,50,4,20,0,0,1,2,3,13,0,0,0,0,10040,661841,49749,10252,206,806,2675089,722854,71.99741035856573,12,165,17,393,5,164,0,0,756
79849,San Elizario,TX,31.59855851085012,-106.274395459391,0,0,1,3,0,0,0,0,0,0,0,0,0,0,0,0,0,0,0,0,0,0,0,0,5500,138637,3654,637,111,0,462619,143039,26.00709090909091,0,0,1,3,0,0,0,0,4
79904,El Paso,TX,31.843180098986238,-106.44125330669256,22,509,9,396,1,8,0,0,5,26,5,22,3,7,0,0,1,1,0,0,0,0,0,0,12500,427002,49947,4455,181,43,1455533,481628,38.53024,28,536,14,418,4,15,0,0,1015
84022,Dugway,UT,40.39,-112.63,0,0,0,0,0,0,0,0,0,0,0,0,0,0,0,0,0,0,0,0,0,0,0,0,250,15669,1300,41,0,0,55269,17010,68.04,0,0,0,0,0,0,0,0,0
84062,Pleasant Grove,UT,40.36111151931792,-111.74607842752243,17,1175,5,296,0,0,0,0,5,16,12,85,1,3,2,20,0,0,0,0,0,0,0,0,18120,1415128,58650,14066,638,1516,6227257,1489998,82.2294701986755,22,1191,17,381,1,3,2,20,1637
84119,West Valley City,UT,40.698629603903015,-111.94877726103924,48,2296,30,2324,0,0,0,0,11,125,27,236,8,30,1,4,2,3,5,35,1,4,0,0,21830,797345,35915,5406,582,61,2765912,839309,38.447503435639035,61,2424,62,2595,9,34,1,4,5190
84324,Mantua,UT,41.49,-111.95,0,0,0,0,0,0,0,0,0,0,0,0,0,0,0,0,0,0,0,0,0,0,0,0,370,25413,2774,396,14,0,103037,28597,77.28918918918919,0,0,0,0,0,0,0,0,0
84627,Ephraim,UT,39.3589238769513,-111.58690780950528,6,77,6,95,0,0,0,0,1,1,0,0,0,0,0,0,0,0,0,0,0,0,0,0,1720,85889,7075,845,68,0,329175,93877,54.5796511627907,7,78,6,95,0,0,0,0,186
84655,Santaquin,UT,39.972687147625045,-111.78415325088578,5,81,2,55,0,0,0,0,0,0,0,0,0,0,0,0,0,0,0,0,0,0,0,0,4770,259939,13095,2899,175,67,1033080,276175,57.89832285115304,5,81,2,55,0,0,0,0,143
84739,Joseph,UT,38.63,-112.21,0,0,0,0,0,0,0,0,0,0,0,0,0,0,0,0,0,0,0,0,0,0,0,0,180,6787,404,44,0,0,24080,7235,40.194444444444436,0,0,0,0,0,0,0,0,0
84761,Parowan,UT,37.845672366640905,-112.83264052301615,6,198,2,87,0,0,0,0,0,0,1,2,0,0,0,0,0,0,0,0,0,0,0,0,1280,60956,8901,656,50,0,229955,70563,55.12734375,6,198,3,89,0,0,0,0,296
84775,Torrey,UT,38.30445119371333,-111.4115643718511,0,0,7,645,1,175,0,0,0,0,0,0,0,0,0,0,0,0,0,0,0,0,0,0,210,10931,2079,74,0,0,37494,13084,62.3047619047619,0,0,7,645,1,175,0,0,828
05048,Hartland,VT,43.53943995,-72.39962215,0,0,2,100,0,0,0,0,0,0,0,0,0,0,0,0,0,0,0,0,0,0,0,0,1300,81835,4758,2171,18,57,337993,88839,68.33769230769231,0,0,2,100,0,0,0,0,102
05081,Wells River,VT,44.15586593940936,-72.0612450490359,0,0,2,77,0,0,0,0,0,0,0,0,0,0,0,0,0,0,0,0,0,0,0,0,430,17995,1676,393,0,0,64761,20064,46.66046511627907,0,0,2,77,0,0,0,0,79
05667,Plainfield,VT,44.278102218017565,-72.42401727180989,1,23,1,44,0,0,0,0,1,3,0,0,0,0,1,1,0,0,0,0,0,0,0,0,1150,59995,3798,1594,0,0,234776,65387,56.85826086956522,2,26,1,44,0,0,1,1,75
05770,Shoreham,VT,43.9141130737257,-73.31168709484405,1,5,0,0,1,20,0,0,0,0,0,0,0,0,0,0,0,0,0,0,0,0,0,0,560,30620,1862,813,0,0,118810,33295,59.45535714285714,1,5,0,0,1,20,0,0,27
05825,Coventry,VT,44.866321373531285,-72.261755695764,1,9,0,0,0,0,0,0,0,0,0,0,0,0,0,0,0,0,0,0,0,0,0,0,110,5396,0,0,0,0,12149,5396,49.05454545454546,1,9,0,0,0,0,0,0,10
20136,Bristow,VA,38.74154537979089,-77.56078052638267,7,398,10,915,0,0,0,0,0,0,8,166,2,11,0,0,0,0,2,44,1,10,0,0,13080,1298598,69442,35853,4182,284,5936963,1408359,107.67270642201835,7,398,20,1125,3,21,0,0,1574
20141,Round Hill,VA,39.1335956761963,-77.76548587700195,1,42,0,0,0,0,0,0,1,3,0,0,3,28,0,0,0,0,0,0,0,0,0,0,3040,370439,22135,10830,1295,213,1753824,404912,133.19473684210527,2,45,0,0,3,28,0,0,78
20152,South Riding,VA,38.923689360494095,-77.51397669809948,18,892,16,2047,1,23,0,0,3,32,12,251,3,43,0,0,1,13,2,19,0,0,0,0,14200,1799458,52727,47698,5793,1597,8516325,1907273,134.315,22,937,30,2317,4,66,0,0,3376
20180,Lovettsville,VA,39.274478270453,-77.6291916798146,2,47,5,347,0,0,1,143,1,1,0,0,0,0,1,10,0,0,0,0,0,0,0,0,3520,391882,32377,10360,1286,155,1811687,436060,123.8806818181818,3,48,5,347,0,0,2,153,558
20186,Warrenton,VA,38.734217788870566,-78.24397216270114,27,892,27,1992,2,249,0,0,12,64,44,323,8,46,2,15,4,8,8,51,0,0,0,0,6980,639206,55890,12858,1752,1012,2881462,710718,101.82206303724928,43,964,79,2366,10,295,2,15,3774
22151,Springfield,VA,38.80196133859209,-77.20058873446115,12,698,7,766,0,0,0,0,1,9,12,151,1,1,0,0,0,0,3,45,1,1,0,0,8640,684730,72810,20168,1757,324,3016121,779789,90.25335648148148,13,707,22,962,2,2,0,0,1708
22304,Alexandria,VA,38.80950601705722,-77.12569365440851,24,1811,38,4739,0,0,0,0,7,206,30,991,9,161,0,0,4,38,8,87,4,39,0,0,25810,2035271,152814,35823,4012,2034,9016271,2229954,86.39883765982178,35,2055,76,5817,13,200,0,0,8196
22406,Fredericksburg,VA,38.3528286215796,-77.50783970812563,23,572,13,425,0,0,1,42,2,6,4,28,0,0,0,0,1,3,2,9,1,3,0,0,11630,905209,130550,17934,3101,365,3884398,1057159,90.89931212381771,26,581,19,462,1,3,1,42,1135
22482,Kilmarnock,VA,37.71895119029171,-76.38321189889426,4,29,12,471,0,0,0,0,2,3,5,5,2,7,1,3,0,0,1,1,1,3,0,0,1540,100379,16610,1480,195,54,417922,118718,77.08961038961039,6,32,18,477,3,10,1,3,550
22603,Winchester,VA,39.209016690187774,-78.16247069715183,13,117,13,437,0,0,2,12,1,6,9,59,1,3,0,0,2,5,2,16,1,3,0,0,7150,466134,56962,4435,1707,595,1938702,529833,74.10251748251748,16,128,24,512,2,6,2,12,702
22831,Hinton,VA,38.48,-79.0,0,0,0,0,0,0,0,0,0,0,0,0,0,0,0,0,0,0,0,0,0,0,0,0,390,18192,940,109,22,0,63258,19263,49.39230769230769,0,0,0,0,0,0,0,0,0
22952,Lyndhurst,VA,37.96,-78.96,0,0,0,0,0,0,0,0,0,0,0,0,0,0,0,0,0,0,0,0,0,0,0,0,970,51055,5255,485,91,0,196505,56886,58.64536082474227,0,0,0,0,0,0,0,0,0
23503,Norfolk,VA,36.94942562897769,-76.2545721826787,17,625,13,729,0,0,0,0,3,11,3,37,0,0,0,0,1,9,1,1,0,0,0,0,13850,615318,62883,7483,1103,184,2305549,686971,49.600794223826725,21,645,17,767,0,0,0,0,1450
23663,Hampton,VA,37.03392011868241,-76.3147195288518,12,208,8,918,1,5,0,0,2,2,4,17,1,3,0,0,1,2,0,0,0,0,0,0,6050,222167,27847,2342,465,0,797613,252821,41.788595041322324,15,212,12,935,2,8,0,0,1184
23833,Church Road,VA,37.15,-77.63,0,0,0,0,0,0,0,0,0,0,0,0,0,0,0,0,0,0,0,0,0,0,0,0,970,59063,7790,617,247,0,226923,67717,69.81134020618556,0,0,0,0,0,0,0,0,0
23834,Colonial Heights,VA,37.257955953187114,-77.39956538740394,34,847,32,1337,1,8,0,0,16,42,35,200,12,68,3,8,2,6,2,9,0,0,0,0,12600,642087,90814,8463,1542,95,2483025,743001,58.96833333333333,52,895,69,1546,13,76,3,8,2662
23894,Wilsons,VA,37.14,-77.85,0,0,0,0,0,0,0,0,0,0,0,0,0,0,0,0,0,0,0,0,0,0,0,0,280,15121,1947,118,49,0,55951,17235,61.55357142857143,0,0,0,0,0,0,0,0,0
23963,Red House,VA,37.18,-78.8,0,0,0,0,0,0,0,0,0,0,0,0,0,0,0,0,0,0,0,0,0,0,0,0,210,9624,689,34,0,0,34800,10347,49.271428571428565,0,0,0,0,0,0,0,0,0
23964,Red Oak,VA,36.76,-78.63,0,0,0,0,0,0,0,0,0,0,0,0,0,0,0,0,0,0,0,0,0,0,0,0,480,17748,1872,46,31,0,58863,19697,41.03541666666667,0,0,0,0,0,0,0,0,0
23967,Saxe,VA,36.93,-78.66,0,0,0,0,0,0,0,0,0,0,0,0,0,0,0,0,0,0,0,0,0,0,0,0,410,14318,1151,33,23,0,46711,15525,37.865853658536594,0,0,0,0,0,0,0,0,0
24011,Roanoke,VA,37.27149538505969,-79.94004440312791,12,708,24,1913,2,230,1,85,1,3,6,32,2,11,1,3,0,0,0,0,0,0,0,0,430,30852,587,209,18,0,127636,31666,73.64186046511628,13,711,30,1945,4,241,2,88,3034
24082,Critz,VA,36.62,-80.11,0,0,0,0,0,0,0,0,0,0,0,0,0,0,0,0,0,0,0,0,0,0,0,0,190,8056,752,33,8,0,27165,8849,46.573684210526324,0,0,0,0,0,0,0,0,0
24112,Martinsville,VA,36.684619273319676,-79.87059021959432,19,182,11,181,0,0,0,0,1,2,3,3,0,0,0,0,0,0,0,0,0,0,0,0,12830,547691,47526,3216,624,357,2090292,599414,46.71971940763835,20,184,14,184,0,0,0,0,402
24137,Penhook,VA,36.97081068648856,-79.62814674231886,0,0,1,4,0,0,0,0,0,0,0,0,0,0,0,0,0,0,0,0,0,0,0,0,1060,70513,8369,1037,195,126,289367,80240,75.69811320754717,0,0,1,4,0,0,0,0,5
24161,Sandy Level,VA,37.0,-79.55,0,0,0,0,0,0,0,0,0,0,0,0,0,0,0,0,0,0,0,0,0,0,0,0,140,5818,563,0,0,0,16489,6381,45.578571428571436,0,0,0,0,0,0,0,0,0
24171,Stuart,VA,36.64598983128797,-80.25166515818798,6,27,3,32,0,0,0,0,0,0,2,3,0,0,0,0,0,0,1,2,0,0,0,0,3250,150205,13793,883,170,67,561364,165118,50.80553846153846,6,27,6,37,0,0,0,0,76
24216,Appalachia,VA,36.9,-82.78,0,0,0,0,0,0,0,0,0,0,0,0,0,0,0,0,0,0,0,0,0,0,0,0,820,25415,2579,43,14,0,79860,28051,34.208536585365856,0,0,0,0,0,0,0,0,0
24239,Davenport,VA,37.12,-82.15,0,0,0,0,0,0,0,0,0,0,0,0,0,0,0,0,0,0,0,0,0,0,0,0,120,4825,702,0,0,0,13559,5527,46.05833333333333,0,0,0,0,0,0,0,0,0
24474,Selma,VA,37.81,-79.85,0,0,0,0,0,0,0,0,0,0,0,0,0,0,0,0,0,0,0,0,0,0,0,0,210,7258,761,0,0,0,20511,8019,38.18571428571428,0,0,0,0,0,0,0,0,0
24549,Dry Fork,VA,36.75,-79.41,0,0,0,0,0,0,0,0,0,0,0,0,0,0,0,0,0,0,0,0,0,0,0,0,1770,81315,5770,416,141,0,298136,87642,49.51525423728813,0,0,0,0,0,0,0,0,0
24572,Madison Heights,VA,37.448346644889,-79.12044423193932,16,140,2,6,1,2,0,0,3,5,1,2,0,0,0,0,0,0,0,0,0,0,0,0,7460,338809,31768,1886,763,19,1236598,373245,50.032841823056295,19,145,3,8,1,2,0,0,178
98024,Fall City,WA,47.566438299270885,-121.8875138307814,3,167,4,514,0,0,0,0,1,13,3,20,1,28,0,0,0,0,0,0,0,0,0,0,2500,308230,14098,9659,110,480,1425085,332577,133.0308,4,180,7,534,1,28,0,0,754
98027,Issaquah,WA,47.53823032560608,-122.04249553763442,17,1619,45,9693,3,1423,0,0,4,40,30,607,11,207,3,73,0,0,10,196,0,0,0,0,14290,1867049,78766,43368,1040,4757,8566575,1994980,139.6067179846046,21,1659,85,10496,14,1630,3,73,13981
98031,Kent,WA,47.398182777892714,-122.20273286650783,20,1465,22,2501,0,0,0,0,5,79,8,147,2,26,3,11,1,3,1,5,0,0,1,10,19630,1167987,67616,22125,1018,471,4597678,1259217,64.14758023433521,26,1547,31,2653,2,26,4,21,4310
98057,Renton,WA,47.4780087488845,-122.21308406488927,43,4503,26,7198,1,863,0,0,11,363,40,842,4,66,2,25,1,16,5,144,2,25,1,12,7330,453427,22803,5230,227,668,1771303,482355,65.8055934515689,55,4882,71,8184,7,954,3,37,14193
98101,Seattle,WA,47.606594829180075,-122.33518192250028,10,1972,5,587,1,493,0,0,2,77,9,160,8,141,5,97,0,0,0,0,0,0,0,0,8440,1488995,34603,17636,318,12187,7036313,1553739,184.09229857819903,12,2049,14,747,9,634,5,97,3567
98118,Seattle,WA,47.54783186361079,-122.28081625750193,35,2836,45,8540,1,201,0,0,11,230,28,526,2,22,1,10,6,187,2,12,1,6,0,0,23680,1618390,67234,27551,1065,1838,6732329,1716078,72.46951013513514,52,3253,75,9078,4,229,1,10,12702
98251,Gold Bar,WA,47.8494875908393,-121.68489139282872,3,318,3,230,0,0,0,0,0,0,1,1,1,15,0,0,0,0,0,0,0,0,0,0,2220,114297,7922,1504,87,0,424544,123810,55.770270270270274,3,318,4,231,1,15,0,0,572
98321,Buckley,WA,47.16100557318676,-122.04670068561134,3,195,3,102,0,0,0,0,1,1,1,2,1,1,0,0,0,0,0,0,0,0,0,0,7210,537644,35804,12391,445,179,2228484,586463,81.34022191400831,4,196,4,104,1,1,0,0,310
98338,Graham,WA,47.05580823317101,-122.2970725599324,7,381,7,559,0,0,0,0,1,3,2,11,2,6,0,0,0,0,1,5,0,0,0,0,12510,818322,69751,19255,677,239,3289366,908244,72.60143884892086,8,384,10,575,2,6,0,0,985
98355,Mineral,WA,46.71,-122.11,0,0,0,0,0,0,0,0,0,0,0,0,0,0,0,0,0,0,0,0,0,0,0,0,200,10960,1349,110,0,0,37819,12419,62.095,0,0,0,0,0,0,0,0,0
98359,Olalla,WA,47.421889965637796,-122.54166383296301,0,0,1,17,0,0,0,0,0,0,1,1,0,0,0,0,0,0,0,0,0,0,0,0,2550,179771,22578,3797,100,33,727904,206279,80.89372549019608,0,0,2,18,0,0,0,0,20
98391,Bonney Lake,WA,47.170806364187754,-122.15847293909887,17,616,22,2191,0,0,0,0,5,48,23,255,2,17,0,0,2,9,3,13,1,3,0,0,23450,1990122,117440,46666,1746,1075,8491943,2157049,91.98503198294243,24,673,48,2459,3,20,0,0,3227
98409,Tacoma,WA,47.21631784481611,-122.47494842687142,32,2215,35,6042,0,0,0,0,4,8,40,692,21,435,1,7,2,35,5,101,4,198,1,3,12150,514919,24415,4452,342,126,1796993,544254,44.79456790123457,38,2258,80,6835,25,633,2,10,9881
98418,Tacoma,WA,47.222917225301806,-122.4396461856008,17,1093,4,610,0,0,0,0,2,13,6,76,1,1,0,0,0,0,1,7,2,11,0,0,4810,213183,14139,2377,117,0,764485,229816,47.778794178794186,19,1106,11,693,3,12,0,0,1844
98512,Olympia,WA,46.985634727811004,-122.94094235971814,9,357,4,478,0,0,0,0,3,40,13,181,1,6,0,0,0,0,2,10,0,0,0,0,13900,929642,95114,17118,462,535,3679850,1042871,75.02669064748201,12,397,19,669,1,6,0,0,1104
98544,Galvin,WA,46.74,-123.03,0,0,0,0,0,0,0,0,0,0,0,0,0,0,0,0,0,0,0,0,0,0,0,0,130,6076,730,62,0,0,19667,6868,52.83076923076922,0,0,0,0,0,0,0,0,0
98584,Shelton,WA,47.21663828494644,-123.1027054585797,23,659,19,849,1,22,0,0,8,35,10,73,3,8,1,5,1,3,2,16,1,7,2,10,15440,794333,109819,12522,366,319,2930511,917359,59.41444300518135,32,697,31,938,5,37,3,15,1758
98605,Bingen,WA,45.7219350137789,-121.46908417482344,3,46,4,140,0,0,0,0,0,0,2,10,0,0,0,0,0,0,0,0,0,0,0,0,750,40501,2802,336,6,0,142112,43645,58.19333333333334,3,46,6,150,0,0,0,0,205
98628,Klickitat,WA,45.81413,-121.160964,0,0,1,24,0,0,0,0,0,0,0,0,0,0,0,0,0,0,0,0,0,0,0,0,170,6347,211,0,0,0,18384,6558,38.576470588235296,0,0,1,24,0,0,0,0,25
98814,Carlton,WA,48.21,-120.16,0,0,0,0,0,0,0,0,0,0,0,0,0,0,0,0,0,0,0,0,0,0,0,0,240,10172,1710,153,0,0,34194,12035,50.14583333333334,0,0,0,0,0,0,0,0,0
98817,Chelan Falls,WA,47.79,-119.99,0,0,0,0,0,0,0,0,0,0,0,0,0,0,0,0,0,0,0,0,0,0,0,0,220,9166,0,0,0,0,25693,9166,41.663636363636364,0,0,0,0,0,0,0,0,0
98828,Malaga,WA,47.32,-120.19,0,0,0,0,0,0,0,0,0,0,0,0,0,0,0,0,0,0,0,0,0,0,0,0,1100,62011,5213,826,19,0,218692,68069,61.88090909090909,0,0,0,0,0,0,0,0,0
98843,Orondo,WA,47.72092,-120.18543,0,0,0,0,0,0,1,13,0,0,1,1,0,0,0,0,0,0,0,0,0,0,0,0,790,46885,3938,635,21,0,175712,51479,65.1632911392405,0,0,1,1,0,0,1,13,16
99001,Airway Heights,WA,47.646387826103386,-117.57906052711485,9,165,13,639,1,71,0,0,1,7,2,4,0,0,0,0,0,0,0,0,0,0,0,0,2380,94705,7243,542,33,0,321875,102523,43.07689075630252,10,172,15,643,1,71,0,0,912
99025,Newman Lake,WA,47.723528261454895,-117.070603854954,0,0,0,0,0,0,0,0,0,0,0,0,0,0,0,0,0,0,0,0,0,0,0,0,2490,172611,11441,2884,92,55,698885,187083,75.13373493975905,0,0,0,0,0,0,0,0,0
99344,Othello,WA,46.83401829444699,-119.20258457915764,6,125,9,90,1,3,0,0,1,1,0,0,0,0,1,5,0,0,0,0,0,0,0,0,7310,327600,12643,2078,107,210,1153463,342638,46.87250341997264,7,126,9,90,1,3,1,5,242
99350,Prosser,WA,46.21254533782454,-119.77692477437893,8,146,11,519,1,8,0,0,2,23,3,30,1,3,0,0,0,0,0,0,0,0,0,0,5470,319770,19670,2416,103,156,1213319,342115,62.543875685557595,10,169,14,549,2,11,0,0,755
99357,Royal City,WA,46.9011185,-119.64933475,1,3,1,34,0,0,0,0,0,0,0,0,0,0,0,0,0,0,0,0,0,0,0,0,2110,87009,1241,231,14,0,286327,88495,41.94075829383886,1,3,1,34,0,0,0,0,39
25007,Arnett,WV,37.84,-81.43,0,0,0,0,0,0,0,0,0,0,0,0,0,0,0,0,0,0,0,0,0,0,0,0,180,7390,1333,0,0,0,22784,8723,48.46111111111111,0,0,0,0,0,0,0,0,0
25081,Foster,WV,38.09,-81.77,0,0,0,0,0,0,0,0,0,0,0,0,0,0,0,0,0,0,0,0,0,0,0,0,440,20442,2337,48,17,0,65940,22844,51.91818181818182,0,0,0,0,0,0,0,0,0
25159,Poca,WV,38.458810880821254,-81.81404364876175,0,0,0,0,0,0,0,0,0,0,0,0,0,0,0,0,0,0,0,0,0,0,0,0,2270,110456,11268,467,135,0,400278,122326,53.888105726872254,0,0,0,0,0,0,0,0,0
25169,Ridgeview,WV,38.15,-81.78,0,0,0,0,0,0,0,0,0,0,0,0,0,0,0,0,0,0,0,0,0,0,0,0,130,4550,406,0,0,0,12738,4956,38.12307692307692,0,0,0,0,0,0,0,0,0
25209,Whitesville,WV,37.97,-81.53,0,0,0,0,0,0,0,0,0,0,0,0,0,0,0,0,0,0,0,0,0,0,0,0,360,14517,2155,0,0,0,41761,16672,46.31111111111111,0,0,0,0,0,0,0,0,0
25243,Gandeeville,WV,38.69,-81.46,0,0,0,0,0,0,0,0,0,0,0,0,0,0,0,0,0,0,0,0,0,0,0,0,370,14044,1939,25,6,0,46310,16014,43.281081081081076,0,0,0,0,0,0,0,0,0
25253,Letart,WV,38.88,-81.97,0,0,0,0,0,0,0,0,0,0,0,0,0,0,0,0,0,0,0,0,0,0,0,0,760,36047,4290,106,33,0,122221,40476,53.2578947368421,0,0,0,0,0,0,0,0,0
25268,Orma,WV,38.74,-81.09,0,0,0,0,0,0,0,0,0,0,0,0,0,0,0,0,0,0,0,0,0,0,0,0,210,8397,635,0,0,0,28785,9032,43.00952380952381,0,0,0,0,0,0,0,0,0
25275,Sandyville,WV,38.9,-81.64,0,0,0,0,0,0,0,0,0,0,0,0,0,0,0,0,0,0,0,0,0,0,0,0,890,38815,3822,117,32,0,129809,42786,48.07415730337079,0,0,0,0,0,0,0,0,0
25403,Martinsburg,WV,39.44021784035608,-77.99064546901613,1,14,3,131,0,0,0,0,2,2,7,25,2,17,0,0,0,0,0,0,0,0,0,0,6350,441628,41313,4226,687,145,1826125,487999,76.85023622047244,3,16,10,156,2,17,0,0,204
25404,Martinsburg,WV,39.495660334155396,-77.9364650412478,8,113,14,336,0,0,0,0,3,15,7,29,1,2,1,5,2,3,0,0,0,0,0,0,9880,449262,40850,2897,559,68,1680147,493636,49.96315789473685,13,131,21,365,1,2,1,5,539
25524,Harts,WV,38.03,-82.13,0,0,0,0,0,0,0,0,0,0,0,0,0,0,0,0,0,0,0,0,0,0,0,0,1080,42072,4287,22,21,0,130438,46402,42.964814814814815,0,0,0,0,0,0,0,0,0
25559,Salt Rock,WV,38.32,-82.24,0,0,0,0,0,0,0,0,0,0,0,0,0,0,0,0,0,0,0,0,0,0,0,0,880,41810,4135,103,47,0,142234,46095,52.38068181818182,0,0,0,0,0,0,0,0,0
25825,Cool Ridge,WV,37.64,-81.08,0,0,0,0,0,0,0,0,0,0,0,0,0,0,0,0,0,0,0,0,0,0,0,0,920,44307,5090,199,52,0,155359,49648,53.96521739130435,0,0,0,0,0,0,0,0,0
25921,Sophia,WV,37.717653999999996,-81.2470594,2,19,0,0,0,0,0,0,0,0,0,0,0,0,0,0,0,0,0,0,0,0,0,0,930,33056,3199,61,32,0,106632,36348,39.08387096774194,2,19,0,0,0,0,0,0,21
26056,New Manchester,WV,40.53,-80.58,0,0,0,0,0,0,0,0,0,0,0,0,0,0,0,0,0,0,0,0,0,0,0,0,150,6467,1580,0,0,0,17789,8047,53.64666666666667,0,0,0,0,0,0,0,0,0
26059,Triadelphia,WV,40.059074898192854,-80.59959462469322,4,51,13,510,0,0,0,0,0,0,5,12,1,42,1,1,0,0,0,0,0,0,0,0,1450,82070,5693,454,90,51,319051,88358,60.93655172413793,4,51,18,522,1,42,1,1,640
26104,Parkersburg,WV,39.283932417450366,-81.52414405061029,6,135,4,50,0,0,0,0,1,1,3,7,0,0,0,0,0,0,1,1,0,0,0,0,7480,385340,46253,2015,379,194,1455058,434181,58.04558823529411,7,136,8,58,0,0,0,0,209
26273,Huttonsville,WV,38.71,-79.97,0,0,0,0,0,0,0,0,0,0,0,0,0,0,0,0,0,0,0,0,0,0,0,0,340,14150,1433,0,0,0,43850,15583,45.83235294117648,0,0,0,0,0,0,0,0,0
26321,Alum Bridge,WV,39.04,-80.69,0,0,0,0,0,0,0,0,0,0,0,0,0,0,0,0,0,0,0,0,0,0,0,0,150,6162,472,0,0,0,18023,6634,44.22666666666667,0,0,0,0,0,0,0,0,0
26385,Lost Creek,WV,39.15,-80.35,0,0,0,0,0,0,0,0,0,0,0,0,0,0,0,0,0,0,0,0,0,0,0,0,1610,83920,8243,333,94,0,304698,92590,57.509316770186345,0,0,0,0,0,0,0,0,0
26581,Littleton,WV,39.69,-80.51,0,0,0,0,0,0,0,0,0,0,0,0,0,0,0,0,0,0,0,0,0,0,0,0,350,16924,1617,0,0,0,52351,18541,52.974285714285706,0,0,0,0,0,0,0,0,0
53217,Milwaukee,WI,43.13334252536289,-87.91347075632645,25,783,32,2125,1,30,0,0,6,43,29,392,14,140,6,41,0,0,6,68,4,63,1,26,14490,2567067,89012,81709,446,10601,12866736,2748835,189.7056590752243,31,826,67,2585,19,233,7,67,3835
53581,Richland Center,WI,43.32996675712897,-90.38472458494884,2,16,5,32,0,0,0,0,3,8,0,0,0,0,0,0,0,0,0,0,0,0,0,0,4500,225030,19964,2762,9,40,847861,247805,55.06777777777778,5,24,5,32,0,0,0,0,66
53583,Sauk City,WI,43.26811933274049,-89.72958534968572,7,120,3,134,0,0,0,0,0,0,1,1,2,4,0,0,0,0,0,0,0,0,0,0,3100,185631,11682,4029,47,171,750376,201560,65.01935483870967,7,120,4,135,2,4,0,0,272
53704,Madison,WI,43.11624551393181,-89.3319812736672,40,1166,37,3831,0,0,0,0,9,119,39,309,7,65,3,11,5,24,10,131,2,10,1,1,25140,1549757,119092,40922,791,1799,6544801,1712361,68.11300715990454,54,1309,86,4271,9,75,4,12,5820
53916,Beaver Dam,WI,43.46543980523017,-88.82727922199173,16,152,17,380,0,0,0,0,6,16,10,29,5,10,0,0,0,0,0,0,0,0,0,0,11640,598676,50975,9890,85,195,2322254,659821,56.6856529209622,22,168,27,409,5,10,0,0,641
53954,Pardeeville,WI,43.52911536932714,-89.32212571700731,4,42,0,0,0,0,0,0,1,3,1,1,0,0,0,0,0,0,0,0,0,0,0,0,3450,197906,18644,3633,46,25,779370,220254,63.84173913043478,5,45,1,1,0,0,0,0,52
54141,Oconto,WI,44.73143794539917,-88.02081990392924,0,0,2,27,0,0,0,0,0,0,0,0,0,0,0,0,0,0,0,0,0,0,0,0,1340,97346,4468,2048,9,70,409186,103941,77.56791044776121,0,0,2,27,0,0,0,0,29
54173,Suamico,WI,44.63267377741211,-88.05066236671873,1,15,1,34,1,89,0,0,0,0,0,0,0,0,0,0,0,0,0,0,0,0,0,0,2040,204868,8402,4504,15,147,940228,217936,106.83137254901959,1,15,1,34,1,89,0,0,141
54424,Deerbrook,WI,45.31776203633827,-89.12119161006115,0,0,1,3,0,0,0,0,0,0,0,0,0,0,0,0,0,0,0,0,0,0,0,0,760,42456,4224,740,0,0,163922,47420,62.39473684210525,0,0,1,3,0,0,0,0,4
54441,Hewitt,WI,44.64,-90.1,0,0,0,0,0,0,0,0,0,0,0,0,0,0,0,0,0,0,0,0,0,0,0,0,400,25388,1529,444,0,0,99472,27361,68.4025,0,0,0,0,0,0,0,0,0
54560,Sayner,WI,45.98522738194067,-89.50766584878363,0,0,3,50,0,0,0,0,1,1,0,0,0,0,0,0,0,0,0,0,0,0,0,0,330,18962,2086,257,0,0,70265,21305,64.56060606060606,1,1,3,50,0,0,0,0,55
54566,Wabeno,WI,45.4442245252326,-88.67720622757118,1,2,1,8,0,0,0,0,0,0,1,8,0,0,0,0,0,0,0,0,0,0,0,0,700,42240,3213,209,0,0,140659,45662,65.23142857142857,1,2,2,16,0,0,0,0,21
54720,Altoona,WI,44.8039082382444,-91.45184013022636,2,33,4,86,0,0,0,0,0,0,0,0,1,3,0,0,0,0,0,0,0,0,0,0,3910,236010,18465,5055,36,156,982017,259722,66.42506393861892,2,33,4,86,1,3,0,0,129
54754,Merrillan,WI,44.42700157300278,-90.78360963377531,1,5,0,0,1,18,0,0,0,0,0,0,0,0,0,0,0,0,0,0,0,0,0,0,780,36141,4031,578,0,0,128107,40750,52.24358974358975,1,5,0,0,1,18,0,0,25
54850,La Pointe,WI,46.77841313845596,-90.78701413216473,0,0,4,103,0,0,0,0,0,0,0,0,0,0,0,0,0,0,0,0,0,0,0,0,170,8590,1187,322,0,0,31733,10099,59.40588235294118,0,0,4,103,0,0,0,0,107
54874,South Range,WI,46.605013,-91.9171205,1,6,1,9,0,0,0,0,0,0,0,0,0,0,0,0,0,0,0,0,0,0,0,0,1630,95468,9504,1621,33,0,367763,106626,65.41472392638036,1,6,1,9,0,0,0,0,17
54896,Winter,WI,45.81183482411839,-90.9366567916455,3,18,2,11,0,0,0,0,1,2,0,0,0,0,0,0,0,0,0,0,0,0,0,0,720,30606,5918,485,0,0,109941,37009,51.401388888888896,4,20,2,11,0,0,0,0,37
54971,Ripon,WI,43.844679565156916,-88.8541266367277,9,93,8,258,0,0,0,0,1,3,5,6,2,4,0,0,0,0,0,0,0,0,0,0,5220,288226,22021,4945,38,273,1132118,315503,60.44118773946361,10,96,13,264,2,4,0,0,389
54982,Wautoma,WI,44.06744123114989,-89.27282905267155,9,51,4,119,0,0,0,0,4,12,1,1,0,0,0,0,0,0,0,0,0,0,0,0,3420,163501,21246,3146,25,74,620676,187992,54.96842105263158,13,63,5,120,0,0,0,0,201
82060,Hillsdale,WY,41.21,-104.48,0,0,0,0,0,0,0,0,0,0,0,0,0,0,0,0,0,0,0,0,0,0,0,0,200,11400,1154,68,25,0,40189,12647,63.235,0,0,0,0,0,0,0,0,0
82435,Powell,WY,44.75018411790994,-108.76451485653853,9,62,3,23,0,0,0,0,3,7,4,5,1,1,0,0,0,0,0,0,0,0,0,0,5260,301519,28927,2044,530,247,1135533,333267,63.358745247148285,12,69,7,28,1,1,0,0,118
83013,Moran,WY,43.88050411579594,-110.56818829091827,0,0,9,245,2,82,0,0,0,0,0,0,0,0,0,0,0,0,0,0,0,0,0,0,270,22836,1523,368,25,0,88393,24752,91.67407407407408,0,0,9,245,2,82,0,0,338
